"day","MW","city","cluster"
"1097",2013-01-01,-2.35246382843914,"Abidjan","1"
"1098",2013-01-02,-0.873756707034237,"Abidjan","1"
"1099",2013-01-03,-0.0601955883367471,"Abidjan","1"
"1100",2013-01-04,-0.0456068360142481,"Abidjan","1"
"1101",2013-01-05,-0.83374165859367,"Abidjan","1"
"1102",2013-01-06,-0.702681388811182,"Abidjan","1"
"1103",2013-01-07,-0.541667189566084,"Abidjan","1"
"1104",2013-01-08,-0.509381392719299,"Abidjan","1"
"1105",2013-01-09,-0.430625461780353,"Abidjan","1"
"1106",2013-01-10,-0.11061913805699,"Abidjan","1"
"1107",2013-01-11,0.388222864748907,"Abidjan","1"
"1108",2013-01-12,0.432247065927426,"Abidjan","1"
"1109",2013-01-13,0.224377760518722,"Abidjan","1"
"1110",2013-01-14,0.211325007415716,"Abidjan","1"
"1111",2013-01-15,0.203664454238582,"Abidjan","1"
"1112",2013-01-16,0.276264722359594,"Abidjan","1"
"1113",2013-01-17,0.45320276200978,"Abidjan","1"
"1114",2013-01-18,0.850968237349167,"Abidjan","1"
"1115",2013-01-19,0.836904446798734,"Abidjan","1"
"1116",2013-01-20,0.66417258231985,"Abidjan","1"
"1117",2013-01-21,0.737213559088752,"Abidjan","1"
"1118",2013-01-22,0.882489274998247,"Abidjan","1"
"1119",2013-01-23,0.862203715333763,"Abidjan","1"
"1120",2013-01-24,0.865962700798384,"Abidjan","1"
"1121",2013-01-25,1.15548235592264,"Abidjan","1"
"1122",2013-01-26,0.957980073298997,"Abidjan","1"
"1123",2013-01-27,0.518765949931729,"Abidjan","1"
"1124",2013-01-28,0.487412122246695,"Abidjan","1"
"1125",2013-01-29,0.679664787277708,"Abidjan","1"
"1126",2013-01-30,0.695996931207426,"Abidjan","1"
"1127",2013-01-31,0.823270995261869,"Abidjan","1"
"1128",2013-02-01,1.07717390858566,"Abidjan","1"
"1129",2013-02-02,0.918948688394988,"Abidjan","1"
"1130",2013-02-03,0.625475197731286,"Abidjan","1"
"1131",2013-02-04,0.570173284745188,"Abidjan","1"
"1132",2013-02-05,0.591426930642862,"Abidjan","1"
"1133",2013-02-06,0.70087618832119,"Abidjan","1"
"1134",2013-02-07,0.863758282060809,"Abidjan","1"
"1135",2013-02-08,1.08133243839028,"Abidjan","1"
"1136",2013-02-09,0.919383909155543,"Abidjan","1"
"1137",2013-02-10,0.615356065096558,"Abidjan","1"
"1138",2013-02-11,0.557942489638172,"Abidjan","1"
"1139",2013-02-12,0.697823904976791,"Abidjan","1"
"1140",2013-02-13,0.819410777616811,"Abidjan","1"
"1141",2013-02-14,1.04145991324359,"Abidjan","1"
"1142",2013-02-15,1.35544790663004,"Abidjan","1"
"1143",2013-02-16,1.20319133441275,"Abidjan","1"
"1144",2013-02-17,0.831344055643383,"Abidjan","1"
"1145",2013-02-18,0.779812830228016,"Abidjan","1"
"1146",2013-02-19,0.755053576988736,"Abidjan","1"
"1147",2013-02-20,0.752328232877082,"Abidjan","1"
"1148",2013-02-21,0.918492488965101,"Abidjan","1"
"1149",2013-02-22,1.18942285506387,"Abidjan","1"
"1150",2013-02-23,0.955163309469203,"Abidjan","1"
"1151",2013-02-24,0.587029854867949,"Abidjan","1"
"1152",2013-02-25,0.528027559720878,"Abidjan","1"
"1153",2013-02-26,0.557123864688634,"Abidjan","1"
"1154",2013-02-27,0.619080105955667,"Abidjan","1"
"1155",2013-02-28,0.906598801368265,"Abidjan","1"
"1156",2013-03-01,1.23651741448796,"Abidjan","1"
"1157",2013-03-02,1.10959630302591,"Abidjan","1"
"1158",2013-03-03,0.743969422940351,"Abidjan","1"
"1159",2013-03-04,0.687687555656082,"Abidjan","1"
"1160",2013-03-05,0.572382951606683,"Abidjan","1"
"1161",2013-03-06,0.601116478973618,"Abidjan","1"
"1162",2013-03-07,0.782261806581558,"Abidjan","1"
"1163",2013-03-08,1.20289211366143,"Abidjan","1"
"1164",2013-03-09,1.08077812511259,"Abidjan","1"
"1165",2013-03-10,0.82951072179857,"Abidjan","1"
"1166",2013-03-11,0.828214458447589,"Abidjan","1"
"1167",2013-03-12,0.890699032726297,"Abidjan","1"
"1168",2013-03-13,0.915645276400653,"Abidjan","1"
"1169",2013-03-14,1.13722179903472,"Abidjan","1"
"1170",2013-03-15,1.45744989264782,"Abidjan","1"
"1171",2013-03-16,1.3022441339248,"Abidjan","1"
"1172",2013-03-17,0.96152319684049,"Abidjan","1"
"1173",2013-03-18,0.858061358773784,"Abidjan","1"
"1174",2013-03-19,0.830200147742585,"Abidjan","1"
"1175",2013-03-20,0.866305697800152,"Abidjan","1"
"1176",2013-03-21,0.990124201183768,"Abidjan","1"
"1177",2013-03-22,1.07985500882605,"Abidjan","1"
"1178",2013-03-23,0.881306988137601,"Abidjan","1"
"1179",2013-03-24,0.578935683826672,"Abidjan","1"
"1180",2013-03-25,0.484872730121633,"Abidjan","1"
"1181",2013-03-26,0.439571121340672,"Abidjan","1"
"1182",2013-03-27,0.569883943219515,"Abidjan","1"
"1183",2013-03-28,0.590465536896395,"Abidjan","1"
"1184",2013-03-29,0.707107135933796,"Abidjan","1"
"1185",2013-03-30,0.559720562531485,"Abidjan","1"
"1186",2013-03-31,0.305815465732615,"Abidjan","1"
"1187",2013-04-01,0.0597528045205128,"Abidjan","1"
"1188",2013-04-02,0.226330461362104,"Abidjan","1"
"1189",2013-04-03,0.389681842558589,"Abidjan","1"
"1190",2013-04-04,0.606180539932181,"Abidjan","1"
"1191",2013-04-05,0.960591707333591,"Abidjan","1"
"1192",2013-04-06,1.01004238511131,"Abidjan","1"
"1193",2013-04-07,0.753408930227229,"Abidjan","1"
"1194",2013-04-08,0.728859588523807,"Abidjan","1"
"1195",2013-04-09,0.744208084514286,"Abidjan","1"
"1196",2013-04-10,0.724800695215098,"Abidjan","1"
"1197",2013-04-11,1.00199938118723,"Abidjan","1"
"1198",2013-04-12,1.3094592568196,"Abidjan","1"
"1199",2013-04-13,1.14278418284594,"Abidjan","1"
"1200",2013-04-14,0.833617199703513,"Abidjan","1"
"1201",2013-04-15,0.831476868401615,"Abidjan","1"
"1202",2013-04-16,0.829014198072777,"Abidjan","1"
"1203",2013-04-17,0.862111971293837,"Abidjan","1"
"1204",2013-04-18,1.06429849318391,"Abidjan","1"
"1205",2013-04-19,1.3243874225375,"Abidjan","1"
"1206",2013-04-20,1.06584572055163,"Abidjan","1"
"1207",2013-04-21,0.706876065452638,"Abidjan","1"
"1208",2013-04-22,0.629243929598978,"Abidjan","1"
"1209",2013-04-23,0.494258652024328,"Abidjan","1"
"1210",2013-04-24,0.469283822819852,"Abidjan","1"
"1211",2013-04-25,0.670758620104129,"Abidjan","1"
"1212",2013-04-26,0.863543156668189,"Abidjan","1"
"1213",2013-04-27,0.517017078182491,"Abidjan","1"
"1214",2013-04-28,0.268286087433711,"Abidjan","1"
"1215",2013-04-29,0.343868146854981,"Abidjan","1"
"1216",2013-04-30,0.423489759380752,"Abidjan","1"
"1217",2013-05-01,-0.0640771688657665,"Abidjan","1"
"1218",2013-05-02,0.188622641814393,"Abidjan","1"
"1219",2013-05-03,0.554536189840577,"Abidjan","1"
"1220",2013-05-04,0.27449839149384,"Abidjan","1"
"1221",2013-05-05,-0.1516906830201,"Abidjan","1"
"1222",2013-05-06,0.382485658370427,"Abidjan","1"
"1223",2013-05-07,0.425295884252174,"Abidjan","1"
"1224",2013-05-08,0.37631202763484,"Abidjan","1"
"1225",2013-05-09,0.199659973703739,"Abidjan","1"
"1226",2013-05-10,0.581806290029392,"Abidjan","1"
"1227",2013-05-11,0.311213816854285,"Abidjan","1"
"1228",2013-05-12,-0.084563938122143,"Abidjan","1"
"1229",2013-05-13,-0.0837134295886489,"Abidjan","1"
"1230",2013-05-14,0.348130031334095,"Abidjan","1"
"1231",2013-05-15,0.0959652438692784,"Abidjan","1"
"1232",2013-05-16,0.281193582911476,"Abidjan","1"
"1233",2013-05-17,0.547077837299496,"Abidjan","1"
"1234",2013-05-18,0.282229209753878,"Abidjan","1"
"1235",2013-05-19,-0.162766712466373,"Abidjan","1"
"1236",2013-05-20,-0.253743944184106,"Abidjan","1"
"1237",2013-05-21,-0.155796943546881,"Abidjan","1"
"1238",2013-05-22,-0.118181680913243,"Abidjan","1"
"1239",2013-05-23,0.0729173679430469,"Abidjan","1"
"1240",2013-05-24,0.49672177531548,"Abidjan","1"
"1241",2013-05-25,0.655004397581647,"Abidjan","1"
"1242",2013-05-26,0.230895774817058,"Abidjan","1"
"1243",2013-05-27,0.197358292968727,"Abidjan","1"
"1244",2013-05-28,0.170758216673059,"Abidjan","1"
"1245",2013-05-29,0.0721665383020083,"Abidjan","1"
"1246",2013-05-30,-0.0933654721170172,"Abidjan","1"
"1247",2013-05-31,0.051284417027713,"Abidjan","1"
"1248",2013-06-01,-0.314030278567334,"Abidjan","1"
"1249",2013-06-02,-0.793259274430601,"Abidjan","1"
"1250",2013-06-03,-1.09386163584786,"Abidjan","1"
"1251",2013-06-04,-0.992637095749231,"Abidjan","1"
"1252",2013-06-05,-0.862484067747401,"Abidjan","1"
"1253",2013-06-06,-0.626015610448911,"Abidjan","1"
"1254",2013-06-07,-0.226549208148516,"Abidjan","1"
"1255",2013-06-08,-0.149551690249687,"Abidjan","1"
"1256",2013-06-09,-0.48218461130143,"Abidjan","1"
"1257",2013-06-10,-0.491160577131976,"Abidjan","1"
"1258",2013-06-11,-0.474101623238036,"Abidjan","1"
"1259",2013-06-12,-0.399818962868662,"Abidjan","1"
"1260",2013-06-13,-0.217981240745416,"Abidjan","1"
"1261",2013-06-14,0.181536482084918,"Abidjan","1"
"1262",2013-06-15,0.0416661471360807,"Abidjan","1"
"1263",2013-06-16,-0.232996353378634,"Abidjan","1"
"1264",2013-06-17,-0.301441300154966,"Abidjan","1"
"1265",2013-06-18,-0.269391610933404,"Abidjan","1"
"1266",2013-06-19,-0.255945624450943,"Abidjan","1"
"1267",2013-06-20,-0.0957305368444229,"Abidjan","1"
"1268",2013-06-21,0.318375054936947,"Abidjan","1"
"1269",2013-06-22,0.0740891933991079,"Abidjan","1"
"1270",2013-06-23,-0.391465258909027,"Abidjan","1"
"1271",2013-06-24,-0.38685923875996,"Abidjan","1"
"1272",2013-06-25,-0.386192071444023,"Abidjan","1"
"1273",2013-06-26,-0.437050745524438,"Abidjan","1"
"1274",2013-06-27,-0.139583954544909,"Abidjan","1"
"1275",2013-06-28,0.23934139389636,"Abidjan","1"
"1276",2013-06-29,0.00685027985512504,"Abidjan","1"
"1277",2013-06-30,-0.425089206268195,"Abidjan","1"
"1278",2013-07-01,-0.613567896599161,"Abidjan","1"
"1279",2013-07-02,-0.789638530593516,"Abidjan","1"
"1280",2013-07-03,-0.855209528162717,"Abidjan","1"
"1281",2013-07-04,-0.986592130933786,"Abidjan","1"
"1282",2013-07-05,-0.718482681903987,"Abidjan","1"
"1283",2013-07-06,-0.88289839935538,"Abidjan","1"
"1284",2013-07-07,-1.25521134160572,"Abidjan","1"
"1285",2013-07-08,-1.350314463725,"Abidjan","1"
"1286",2013-07-09,-1.19152279733598,"Abidjan","1"
"1287",2013-07-10,-1.15974823960909,"Abidjan","1"
"1288",2013-07-11,-0.934376782510191,"Abidjan","1"
"1289",2013-07-12,-0.590038329230669,"Abidjan","1"
"1290",2013-07-13,-0.735525952236501,"Abidjan","1"
"1291",2013-07-14,-0.988219117883336,"Abidjan","1"
"1292",2013-07-15,-1.0570335721509,"Abidjan","1"
"1293",2013-07-16,-1.07688950193567,"Abidjan","1"
"1294",2013-07-17,-1.11368603171876,"Abidjan","1"
"1295",2013-07-18,-0.966309782182998,"Abidjan","1"
"1296",2013-07-19,-0.7029059491086,"Abidjan","1"
"1297",2013-07-20,-0.871538754156532,"Abidjan","1"
"1298",2013-07-21,-1.17841141935766,"Abidjan","1"
"1299",2013-07-22,-1.12753257997281,"Abidjan","1"
"1300",2013-07-23,-1.10657516263793,"Abidjan","1"
"1301",2013-07-24,-1.12105040792587,"Abidjan","1"
"1302",2013-07-25,-1.03606221203044,"Abidjan","1"
"1303",2013-07-26,-0.817158984107548,"Abidjan","1"
"1304",2013-07-27,-0.970023658647998,"Abidjan","1"
"1305",2013-07-28,-1.28051133256752,"Abidjan","1"
"1306",2013-07-29,-1.30963927796325,"Abidjan","1"
"1307",2013-07-30,-1.19904688286173,"Abidjan","1"
"1308",2013-07-31,-1.14132715913869,"Abidjan","1"
"1309",2013-08-01,-1.08426028034017,"Abidjan","1"
"1310",2013-08-02,-0.871258868467214,"Abidjan","1"
"1311",2013-08-03,-1.00112620599587,"Abidjan","1"
"1312",2013-08-04,-1.31668177149831,"Abidjan","1"
"1313",2013-08-05,-1.39098251579438,"Abidjan","1"
"1314",2013-08-06,-1.41833466887637,"Abidjan","1"
"1315",2013-08-07,-1.73309683577517,"Abidjan","1"
"1316",2013-08-08,-1.9634428922286,"Abidjan","1"
"1317",2013-08-09,-1.83152298280345,"Abidjan","1"
"1318",2013-08-10,-2.02559582610227,"Abidjan","1"
"1319",2013-08-11,-2.26030278840753,"Abidjan","1"
"1320",2013-08-12,-1.97981007360094,"Abidjan","1"
"1321",2013-08-13,-1.6650629443298,"Abidjan","1"
"1322",2013-08-14,-1.57468692917833,"Abidjan","1"
"1323",2013-08-15,-1.51394753021265,"Abidjan","1"
"1324",2013-08-16,-1.26332075517347,"Abidjan","1"
"1325",2013-08-17,-1.39373815702304,"Abidjan","1"
"1326",2013-08-18,-1.71107927342568,"Abidjan","1"
"1327",2013-08-19,-1.68525970306788,"Abidjan","1"
"1328",2013-08-20,-1.52321696168309,"Abidjan","1"
"1329",2013-08-21,-1.49806656480618,"Abidjan","1"
"1330",2013-08-22,-1.31010901484049,"Abidjan","1"
"1331",2013-08-23,-0.975948335585819,"Abidjan","1"
"1332",2013-08-24,-1.08648476847254,"Abidjan","1"
"1333",2013-08-25,-1.37003137045876,"Abidjan","1"
"1334",2013-08-26,-1.38809529527579,"Abidjan","1"
"1335",2013-08-27,-1.36646369829722,"Abidjan","1"
"1336",2013-08-28,-1.3232556422868,"Abidjan","1"
"1337",2013-08-29,-1.15045599969701,"Abidjan","1"
"1338",2013-08-30,-0.795543423454361,"Abidjan","1"
"1339",2013-08-31,-0.915552295240698,"Abidjan","1"
"1340",2013-09-01,-1.10381760308859,"Abidjan","1"
"1341",2013-09-02,-1.03251254911624,"Abidjan","1"
"1342",2013-09-03,-0.917763688475591,"Abidjan","1"
"1343",2013-09-04,-0.824397406812825,"Abidjan","1"
"1344",2013-09-05,-0.503500553610397,"Abidjan","1"
"1345",2013-09-06,-0.208743419276432,"Abidjan","1"
"1346",2013-09-07,-0.32188032809876,"Abidjan","1"
"1347",2013-09-08,-0.663446691060764,"Abidjan","1"
"1348",2013-09-09,-0.741902442770834,"Abidjan","1"
"1349",2013-09-10,-0.772549629594058,"Abidjan","1"
"1350",2013-09-11,-0.727958822979454,"Abidjan","1"
"1351",2013-09-12,-0.679260796357673,"Abidjan","1"
"1352",2013-09-13,-0.387979102702481,"Abidjan","1"
"1353",2013-09-14,-0.547048858763588,"Abidjan","1"
"1354",2013-09-15,-0.869583357985744,"Abidjan","1"
"1355",2013-09-16,-0.868035956295065,"Abidjan","1"
"1356",2013-09-17,-0.654015781288369,"Abidjan","1"
"1357",2013-09-18,-0.519976523092642,"Abidjan","1"
"1358",2013-09-19,-0.218426779206135,"Abidjan","1"
"1359",2013-09-20,0.206500455108381,"Abidjan","1"
"1360",2013-09-21,0.0689308189186021,"Abidjan","1"
"1361",2013-09-22,-0.254990194107292,"Abidjan","1"
"1362",2013-09-23,-0.456514740667805,"Abidjan","1"
"1363",2013-09-24,-0.6245929122983,"Abidjan","1"
"1364",2013-09-25,-0.767286109329331,"Abidjan","1"
"1365",2013-09-26,-0.664074546372948,"Abidjan","1"
"1366",2013-09-27,-0.479707453923848,"Abidjan","1"
"1367",2013-09-28,-0.567179469449117,"Abidjan","1"
"1368",2013-09-29,-0.756660966538037,"Abidjan","1"
"1369",2013-09-30,-0.722743700102544,"Abidjan","1"
"1370",2013-10-01,-0.78932736703385,"Abidjan","1"
"1371",2013-10-02,-0.772968090599622,"Abidjan","1"
"1372",2013-10-03,-0.600884634749964,"Abidjan","1"
"1373",2013-10-04,-0.329759368583873,"Abidjan","1"
"1374",2013-10-05,-0.504631401051567,"Abidjan","1"
"1375",2013-10-06,-0.678584554006099,"Abidjan","1"
"1376",2013-10-07,-0.617643239722188,"Abidjan","1"
"1377",2013-10-08,-0.52463780910349,"Abidjan","1"
"1378",2013-10-09,-0.49123223754535,"Abidjan","1"
"1379",2013-10-10,-0.302414066970289,"Abidjan","1"
"1380",2013-10-11,-0.0146449717115003,"Abidjan","1"
"1381",2013-10-12,-0.115340044696381,"Abidjan","1"
"1382",2013-10-13,-0.360330053210861,"Abidjan","1"
"1383",2013-10-14,-0.400514719149969,"Abidjan","1"
"1384",2013-10-15,-0.614711531280193,"Abidjan","1"
"1385",2013-10-16,-0.623596428385584,"Abidjan","1"
"1386",2013-10-17,-0.508255638709094,"Abidjan","1"
"1387",2013-10-18,-0.285876718651361,"Abidjan","1"
"1388",2013-10-19,-0.304339042419067,"Abidjan","1"
"1389",2013-10-20,-0.265839531608539,"Abidjan","1"
"1390",2013-10-21,-0.178734708983805,"Abidjan","1"
"1391",2013-10-22,-0.0843711511030032,"Abidjan","1"
"1392",2013-10-23,0.0535384058110638,"Abidjan","1"
"1393",2013-10-24,0.281367789648626,"Abidjan","1"
"1394",2013-10-25,0.649871718518751,"Abidjan","1"
"1395",2013-10-26,0.539605631225337,"Abidjan","1"
"1396",2013-10-27,0.200227698000906,"Abidjan","1"
"1397",2013-10-28,0.214636159181542,"Abidjan","1"
"1398",2013-10-29,0.228893289768835,"Abidjan","1"
"1399",2013-10-30,0.219254304996703,"Abidjan","1"
"1400",2013-10-31,0.381302362655658,"Abidjan","1"
"1401",2013-11-01,0.439811507325003,"Abidjan","1"
"1402",2013-11-02,0.107708359721737,"Abidjan","1"
"1403",2013-11-03,-0.237393264154839,"Abidjan","1"
"1404",2013-11-04,-0.67671178352557,"Abidjan","1"
"1405",2013-11-05,-0.749216409706875,"Abidjan","1"
"1406",2013-11-06,-0.542825271118365,"Abidjan","1"
"1407",2013-11-07,-0.242332583977611,"Abidjan","1"
"1408",2013-11-08,0.0756996001015057,"Abidjan","1"
"1409",2013-11-09,0.490572744515325,"Abidjan","1"
"1410",2013-11-10,0.439177473576125,"Abidjan","1"
"1411",2013-11-11,0.301117631046309,"Abidjan","1"
"1412",2013-11-12,0.294732347700302,"Abidjan","1"
"1413",2013-11-13,0.310224797990521,"Abidjan","1"
"1414",2013-11-14,0.322614751773265,"Abidjan","1"
"1415",2013-11-15,0.510464780254976,"Abidjan","1"
"1416",2013-11-16,0.563850757301897,"Abidjan","1"
"1417",2013-11-17,0.430498496288197,"Abidjan","1"
"1418",2013-11-18,0.132319535336517,"Abidjan","1"
"1419",2013-11-19,0.126510179458876,"Abidjan","1"
"1420",2013-11-20,0.0687146009029571,"Abidjan","1"
"1421",2013-11-21,0.213213563448337,"Abidjan","1"
"1422",2013-11-22,0.35430829355547,"Abidjan","1"
"1423",2013-11-23,0.404475336578329,"Abidjan","1"
"1424",2013-11-24,0.0807414700033591,"Abidjan","1"
"1425",2013-11-25,-0.0567624771985584,"Abidjan","1"
"1426",2013-11-26,-0.0214844126043746,"Abidjan","1"
"1427",2013-11-27,0.0273392167609609,"Abidjan","1"
"1428",2013-11-28,0.347191832654969,"Abidjan","1"
"1429",2013-11-29,0.817248849705896,"Abidjan","1"
"1430",2013-11-30,0.920252234541016,"Abidjan","1"
"1431",2013-12-01,0.758508842590748,"Abidjan","1"
"1432",2013-12-02,0.863727663907911,"Abidjan","1"
"1433",2013-12-03,0.496645379313291,"Abidjan","1"
"1434",2013-12-04,0.431090205937416,"Abidjan","1"
"1435",2013-12-05,0.518057870574779,"Abidjan","1"
"1436",2013-12-06,0.780078405133211,"Abidjan","1"
"1437",2013-12-07,0.552288030122543,"Abidjan","1"
"1438",2013-12-08,0.605807469019342,"Abidjan","1"
"1439",2013-12-09,0.550865632908409,"Abidjan","1"
"1440",2013-12-10,0.582258611332455,"Abidjan","1"
"1441",2013-12-11,0.639623978789879,"Abidjan","1"
"1442",2013-12-12,0.830023452518516,"Abidjan","1"
"1443",2013-12-13,1.14956161832098,"Abidjan","1"
"1444",2013-12-14,0.816763817727911,"Abidjan","1"
"1445",2013-12-15,0.43826024626909,"Abidjan","1"
"1446",2013-12-16,0.375908241016525,"Abidjan","1"
"1447",2013-12-17,0.359089441088818,"Abidjan","1"
"1448",2013-12-18,0.320466472347248,"Abidjan","1"
"1449",2013-12-19,0.659189870482592,"Abidjan","1"
"1450",2013-12-20,1.01247983398042,"Abidjan","1"
"1451",2013-12-21,0.819447466305396,"Abidjan","1"
"1452",2013-12-22,0.52134042324018,"Abidjan","1"
"1453",2013-12-23,0.484784434795817,"Abidjan","1"
"1454",2013-12-24,0.426873455614196,"Abidjan","1"
"1455",2013-12-25,0.119008843911488,"Abidjan","1"
"1456",2013-12-26,0.295194496621305,"Abidjan","1"
"1457",2013-12-27,0.601244631910578,"Abidjan","1"
"1458",2013-12-28,0.610488310332287,"Abidjan","1"
"1459",2013-12-29,0.584575558015519,"Abidjan","1"
"1460",2013-12-30,0.902895613759839,"Abidjan","1"
"1461",2013-12-31,0.704758603914796,"Abidjan","1"
"16099",2013-01-01,1.44499812774639,"Tacoma","1"
"16100",2013-01-02,2.11942960263928,"Tacoma","1"
"16101",2013-01-03,2.24116660471114,"Tacoma","1"
"16102",2013-01-04,1.18370895256776,"Tacoma","1"
"16103",2013-01-05,1.55392517350267,"Tacoma","1"
"16104",2013-01-06,1.41623935164718,"Tacoma","1"
"16105",2013-01-07,1.21390990917931,"Tacoma","1"
"16106",2013-01-08,0.971199412365658,"Tacoma","1"
"16107",2013-01-09,1.00190937386393,"Tacoma","1"
"16108",2013-01-10,1.21772744582965,"Tacoma","1"
"16109",2013-01-11,1.4673943427617,"Tacoma","1"
"16110",2013-01-12,1.65733799965291,"Tacoma","1"
"16111",2013-01-13,1.89164991583583,"Tacoma","1"
"16112",2013-01-14,2.13554809071848,"Tacoma","1"
"16113",2013-01-15,2.15794430573379,"Tacoma","1"
"16114",2013-01-16,2.23081683868133,"Tacoma","1"
"16115",2013-01-17,2.25312821954886,"Tacoma","1"
"16116",2013-01-18,2.21240782861193,"Tacoma","1"
"16117",2013-01-19,2.0271300498489,"Tacoma","1"
"16118",2013-01-20,1.93695135075316,"Tacoma","1"
"16119",2013-01-21,1.84643331506628,"Tacoma","1"
"16120",2013-01-22,1.83871340761782,"Tacoma","1"
"16121",2013-01-23,1.77915983587256,"Tacoma","1"
"16122",2013-01-24,1.75557594278826,"Tacoma","1"
"16123",2013-01-25,1.61746595019384,"Tacoma","1"
"16124",2013-01-26,1.396557829361,"Tacoma","1"
"16125",2013-01-27,1.16496060590721,"Tacoma","1"
"16126",2013-01-28,1.11584163433954,"Tacoma","1"
"16127",2013-01-29,1.03864255985495,"Tacoma","1"
"16128",2013-01-30,1.05806957969777,"Tacoma","1"
"16129",2013-01-31,1.05348853571737,"Tacoma","1"
"16130",2013-02-01,0.978579983222977,"Tacoma","1"
"16131",2013-02-02,0.814850077997407,"Tacoma","1"
"16132",2013-02-03,0.732815457089052,"Tacoma","1"
"16133",2013-02-04,0.685987007511584,"Tacoma","1"
"16134",2013-02-05,0.695064261324608,"Tacoma","1"
"16135",2013-02-06,0.765900774725307,"Tacoma","1"
"16136",2013-02-07,0.824690839140499,"Tacoma","1"
"16137",2013-02-08,0.936671914217054,"Tacoma","1"
"16138",2013-02-09,0.918347738295436,"Tacoma","1"
"16139",2013-02-10,0.844457195574467,"Tacoma","1"
"16140",2013-02-11,0.83113823437218,"Tacoma","1"
"16141",2013-02-12,0.792284194686526,"Tacoma","1"
"16142",2013-02-13,0.704735354172129,"Tacoma","1"
"16143",2013-02-14,0.757587028242351,"Tacoma","1"
"16144",2013-02-15,0.755296506252149,"Tacoma","1"
"16145",2013-02-16,0.64679363123479,"Tacoma","1"
"16146",2013-02-17,0.576890293459728,"Tacoma","1"
"16147",2013-02-18,0.539054263547498,"Tacoma","1"
"16148",2013-02-19,0.53345520979367,"Tacoma","1"
"16149",2013-02-20,0.710928246960453,"Tacoma","1"
"16150",2013-02-21,0.905283279536505,"Tacoma","1"
"16151",2013-02-22,1.07715726294946,"Tacoma","1"
"16152",2013-02-23,1.09429376080208,"Tacoma","1"
"16153",2013-02-24,1.04492028679106,"Tacoma","1"
"16154",2013-02-25,0.973489934355861,"Tacoma","1"
"16155",2013-02-26,0.93675674836484,"Tacoma","1"
"16156",2013-02-27,0.869313600875551,"Tacoma","1"
"16157",2013-02-28,0.858200327515681,"Tacoma","1"
"16158",2013-03-01,0.76352541858732,"Tacoma","1"
"16159",2013-03-02,0.541514453833271,"Tacoma","1"
"16160",2013-03-03,0.382874597474818,"Tacoma","1"
"16161",2013-03-04,0.400604934361939,"Tacoma","1"
"16162",2013-03-05,0.472798794127203,"Tacoma","1"
"16163",2013-03-06,0.664778470565267,"Tacoma","1"
"16164",2013-03-07,0.827235863574057,"Tacoma","1"
"16165",2013-03-08,0.887043937762672,"Tacoma","1"
"16166",2013-03-09,0.744098398744493,"Tacoma","1"
"16167",2013-03-10,0.575145660768318,"Tacoma","1"
"16168",2013-03-11,0.467491127228811,"Tacoma","1"
"16169",2013-03-12,0.396654613828112,"Tacoma","1"
"16170",2013-03-13,0.319794875934658,"Tacoma","1"
"16171",2013-03-14,0.311990134338413,"Tacoma","1"
"16172",2013-03-15,0.276407742004305,"Tacoma","1"
"16173",2013-03-16,0.170280223124933,"Tacoma","1"
"16174",2013-03-17,0.214902984859985,"Tacoma","1"
"16175",2013-03-18,0.323999698911841,"Tacoma","1"
"16176",2013-03-19,0.477804008846534,"Tacoma","1"
"16177",2013-03-20,0.61073911842605,"Tacoma","1"
"16178",2013-03-21,0.821976146411371,"Tacoma","1"
"16179",2013-03-22,0.909185650334628,"Tacoma","1"
"16180",2013-03-23,0.842845346766547,"Tacoma","1"
"16181",2013-03-24,0.741129203572009,"Tacoma","1"
"16182",2013-03-25,0.704650520024344,"Tacoma","1"
"16183",2013-03-26,0.460243340254983,"Tacoma","1"
"16184",2013-03-27,0.229664126574622,"Tacoma","1"
"16185",2013-03-28,0.132953198099415,"Tacoma","1"
"16186",2013-03-29,-0.0130463702390333,"Tacoma","1"
"16187",2013-03-30,-0.243880086362751,"Tacoma","1"
"16188",2013-03-31,-0.400399089026572,"Tacoma","1"
"16189",2013-04-01,-0.468096738959217,"Tacoma","1"
"16190",2013-04-02,-0.518488222743667,"Tacoma","1"
"16191",2013-04-03,-0.535709554744077,"Tacoma","1"
"16192",2013-04-04,-0.444088675135986,"Tacoma","1"
"16193",2013-04-05,-0.323200014541977,"Tacoma","1"
"16194",2013-04-06,-0.298089106797538,"Tacoma","1"
"16195",2013-04-07,-0.244643593692818,"Tacoma","1"
"16196",2013-04-08,-0.143945460271704,"Tacoma","1"
"16197",2013-04-09,-0.0677643955605321,"Tacoma","1"
"16198",2013-04-10,-0.0206814435397077,"Tacoma","1"
"16199",2013-04-11,0.0603351675952244,"Tacoma","1"
"16200",2013-04-12,0.15348306186345,"Tacoma","1"
"16201",2013-04-13,0.189028569785478,"Tacoma","1"
"16202",2013-04-14,0.132274524917133,"Tacoma","1"
"16203",2013-04-15,0.219568862988175,"Tacoma","1"
"16204",2013-04-16,0.251296834259865,"Tacoma","1"
"16205",2013-04-17,0.181308662337018,"Tacoma","1"
"16206",2013-04-18,0.134225710316194,"Tacoma","1"
"16207",2013-04-19,0.149071686178616,"Tacoma","1"
"16208",2013-04-20,-0.0090591652931258,"Tacoma","1"
"16209",2013-04-21,-0.132238347877337,"Tacoma","1"
"16210",2013-04-22,-0.178133621829167,"Tacoma","1"
"16211",2013-04-23,-0.24371041806718,"Tacoma","1"
"16212",2013-04-24,-0.28477014559525,"Tacoma","1"
"16213",2013-04-25,-0.318618970561573,"Tacoma","1"
"16214",2013-04-26,-0.376815195942268,"Tacoma","1"
"16215",2013-04-27,-0.535200549857365,"Tacoma","1"
"16216",2013-04-28,-0.666778313072317,"Tacoma","1"
"16217",2013-04-29,-0.678146088875544,"Tacoma","1"
"16218",2013-04-30,-0.559632784419523,"Tacoma","1"
"16219",2013-05-01,-0.449348392298673,"Tacoma","1"
"16220",2013-05-02,-0.35221329308454,"Tacoma","1"
"16221",2013-05-03,-0.315480107093518,"Tacoma","1"
"16222",2013-05-04,-0.495922339432786,"Tacoma","1"
"16223",2013-05-05,-0.736596816699594,"Tacoma","1"
"16224",2013-05-06,-0.841791159953328,"Tacoma","1"
"16225",2013-05-07,-0.915003029492015,"Tacoma","1"
"16226",2013-05-08,-0.924165117452824,"Tacoma","1"
"16227",2013-05-09,-0.835937603756144,"Tacoma","1"
"16228",2013-05-10,-0.733203450788183,"Tacoma","1"
"16229",2013-05-11,-0.824569827952918,"Tacoma","1"
"16230",2013-05-12,-0.923062273531616,"Tacoma","1"
"16231",2013-05-13,-0.937908249394038,"Tacoma","1"
"16232",2013-05-14,-0.915766536822082,"Tacoma","1"
"16233",2013-05-15,-0.895915346240329,"Tacoma","1"
"16234",2013-05-16,-0.802937120267674,"Tacoma","1"
"16235",2013-05-17,-0.716321455378914,"Tacoma","1"
"16236",2013-05-18,-0.780031900365652,"Tacoma","1"
"16237",2013-05-19,-0.88369922895925,"Tacoma","1"
"16238",2013-05-20,-0.902108239028654,"Tacoma","1"
"16239",2013-05-21,-0.932394029787995,"Tacoma","1"
"16240",2013-05-22,-0.845014857569168,"Tacoma","1"
"16241",2013-05-23,-0.660415751988422,"Tacoma","1"
"16242",2013-05-24,-0.547246998842873,"Tacoma","1"
"16243",2013-05-25,-0.629451288046799,"Tacoma","1"
"16244",2013-05-26,-0.711316240659584,"Tacoma","1"
"16245",2013-05-27,-0.828811535342181,"Tacoma","1"
"16246",2013-05-28,-0.926625307738597,"Tacoma","1"
"16247",2013-05-29,-0.92764331751202,"Tacoma","1"
"16248",2013-05-30,-0.808790676464858,"Tacoma","1"
"16249",2013-05-31,-0.706989699122535,"Tacoma","1"
"16250",2013-06-01,-0.743892553409127,"Tacoma","1"
"16251",2013-06-02,-0.884293067993747,"Tacoma","1"
"16252",2013-06-03,-0.931969859049068,"Tacoma","1"
"16253",2013-06-04,-0.979561815956604,"Tacoma","1"
"16254",2013-06-05,-0.982785513572445,"Tacoma","1"
"16255",2013-06-06,-0.886074585097238,"Tacoma","1"
"16256",2013-06-07,-0.791230007873307,"Tacoma","1"
"16257",2013-06-08,-0.88497174117603,"Tacoma","1"
"16258",2013-06-09,-1.00255187000641,"Tacoma","1"
"16259",2013-06-10,-1.0291049582632,"Tacoma","1"
"16260",2013-06-11,-1.05005899276616,"Tacoma","1"
"16261",2013-06-12,-1.02308173377045,"Tacoma","1"
"16262",2013-06-13,-0.919414405176849,"Tacoma","1"
"16263",2013-06-14,-0.826351345056409,"Tacoma","1"
"16264",2013-06-15,-0.896594019422611,"Tacoma","1"
"16265",2013-06-16,-1.00789642131688,"Tacoma","1"
"16266",2013-06-17,-1.01960353371125,"Tacoma","1"
"16267",2013-06-18,-1.03071680707112,"Tacoma","1"
"16268",2013-06-19,-1.02418457769166,"Tacoma","1"
"16269",2013-06-20,-0.954196405768809,"Tacoma","1"
"16270",2013-06-21,-0.866223394515485,"Tacoma","1"
"16271",2013-06-22,-0.969466552370158,"Tacoma","1"
"16272",2013-06-23,-1.07559407124953,"Tacoma","1"
"16273",2013-06-24,-1.09213673006766,"Tacoma","1"
"16274",2013-06-25,-1.09154289103316,"Tacoma","1"
"16275",2013-06-26,-1.07618791028403,"Tacoma","1"
"16276",2013-06-27,-0.959625791227066,"Tacoma","1"
"16277",2013-06-28,-0.812099208228483,"Tacoma","1"
"16278",2013-06-29,-0.806500154474656,"Tacoma","1"
"16279",2013-06-30,-0.79996792509519,"Tacoma","1"
"16280",2013-07-01,-0.677043244954335,"Tacoma","1"
"16281",2013-07-02,-0.616301995140082,"Tacoma","1"
"16282",2013-07-03,-0.606376399849206,"Tacoma","1"
"16283",2013-07-04,-0.701220977073137,"Tacoma","1"
"16284",2013-07-05,-0.788600149291964,"Tacoma","1"
"16285",2013-07-06,-1.01867035808561,"Tacoma","1"
"16286",2013-07-07,-1.20539031736099,"Tacoma","1"
"16287",2013-07-08,-1.26358654274169,"Tacoma","1"
"16288",2013-07-09,-1.10681303763451,"Tacoma","1"
"16289",2013-07-10,-0.994916796705738,"Tacoma","1"
"16290",2013-07-11,-0.902617243915365,"Tacoma","1"
"16291",2013-07-12,-0.822788310849427,"Tacoma","1"
"16292",2013-07-13,-0.899648048742881,"Tacoma","1"
"16293",2013-07-14,-1.02902012411542,"Tacoma","1"
"16294",2013-07-15,-1.03037747047998,"Tacoma","1"
"16295",2013-07-16,-0.972350913394857,"Tacoma","1"
"16296",2013-07-17,-0.925776966260744,"Tacoma","1"
"16297",2013-07-18,-0.833053242731445,"Tacoma","1"
"16298",2013-07-19,-0.738802504542011,"Tacoma","1"
"16299",2013-07-20,-0.832713906140304,"Tacoma","1"
"16300",2013-07-21,-0.97319925487271,"Tacoma","1"
"16301",2013-07-22,-0.988130064882917,"Tacoma","1"
"16302",2013-07-23,-0.953348064290957,"Tacoma","1"
"16303",2013-07-24,-0.89769686334382,"Tacoma","1"
"16304",2013-07-25,-0.764592085468733,"Tacoma","1"
"16305",2013-07-26,-0.623428063554045,"Tacoma","1"
"16306",2013-07-27,-0.695367420875953,"Tacoma","1"
"16307",2013-07-28,-0.850868413766351,"Tacoma","1"
"16308",2013-07-29,-0.926540473590811,"Tacoma","1"
"16309",2013-07-30,-0.982361342833518,"Tacoma","1"
"16310",2013-07-31,-1.02825661678535,"Tacoma","1"
"16311",2013-08-01,-0.982955181868016,"Tacoma","1"
"16312",2013-08-02,-0.900835726811875,"Tacoma","1"
"16313",2013-08-03,-0.983633855050298,"Tacoma","1"
"16314",2013-08-04,-1.07779975909195,"Tacoma","1"
"16315",2013-08-05,-1.04776847077596,"Tacoma","1"
"16316",2013-08-06,-0.982446176981304,"Tacoma","1"
"16317",2013-08-07,-0.92747364921645,"Tacoma","1"
"16318",2013-08-08,-0.799034749469552,"Tacoma","1"
"16319",2013-08-09,-0.680606279161317,"Tacoma","1"
"16320",2013-08-10,-0.756448007281347,"Tacoma","1"
"16321",2013-08-11,-0.886074585097238,"Tacoma","1"
"16322",2013-08-12,-0.899223878003955,"Tacoma","1"
"16323",2013-08-13,-0.897612029196035,"Tacoma","1"
"16324",2013-08-14,-0.896848521865967,"Tacoma","1"
"16325",2013-08-15,-0.833986418357083,"Tacoma","1"
"16326",2013-08-16,-0.712673587024148,"Tacoma","1"
"16327",2013-08-17,-0.779862232070081,"Tacoma","1"
"16328",2013-08-18,-0.905162268348924,"Tacoma","1"
"16329",2013-08-19,-0.917208717334432,"Tacoma","1"
"16330",2013-08-20,-0.916275541708794,"Tacoma","1"
"16331",2013-08-21,-0.940029103088669,"Tacoma","1"
"16332",2013-08-22,-0.84408168194353,"Tacoma","1"
"16333",2013-08-23,-0.748558431537317,"Tacoma","1"
"16334",2013-08-24,-0.8361921061995,"Tacoma","1"
"16335",2013-08-25,-0.95114237644854,"Tacoma","1"
"16336",2013-08-26,-0.956741430202367,"Tacoma","1"
"16337",2013-08-27,-0.960219630261564,"Tacoma","1"
"16338",2013-08-28,-0.914324356309733,"Tacoma","1"
"16339",2013-08-29,-0.804294466632239,"Tacoma","1"
"16340",2013-08-30,-0.690531874452193,"Tacoma","1"
"16341",2013-08-31,-0.773923841725112,"Tacoma","1"
"16342",2013-09-01,-0.908385965964764,"Tacoma","1"
"16343",2013-09-02,-1.02630543138629,"Tacoma","1"
"16344",2013-09-03,-1.05574288066778,"Tacoma","1"
"16345",2013-09-04,-1.05794856851019,"Tacoma","1"
"16346",2013-09-05,-0.96870304504009,"Tacoma","1"
"16347",2013-09-06,-0.881832877707975,"Tacoma","1"
"16348",2013-09-07,-0.912118668467316,"Tacoma","1"
"16349",2013-09-08,-1.00933860182923,"Tacoma","1"
"16350",2013-09-09,-1.00764191887353,"Tacoma","1"
"16351",2013-09-10,-1.00085518705071,"Tacoma","1"
"16352",2013-09-11,-0.915596868526512,"Tacoma","1"
"16353",2013-09-12,-0.781983085764713,"Tacoma","1"
"16354",2013-09-13,-0.695028084284812,"Tacoma","1"
"16355",2013-09-14,-0.789448490769817,"Tacoma","1"
"16356",2013-09-15,-0.887686433905159,"Tacoma","1"
"16357",2013-09-16,-0.981513001355666,"Tacoma","1"
"16358",2013-09-17,-1.03894571940629,"Tacoma","1"
"16359",2013-09-18,-1.0383518803718,"Tacoma","1"
"16360",2013-09-19,-0.932224361492425,"Tacoma","1"
"16361",2013-09-20,-0.848493057628364,"Tacoma","1"
"16362",2013-09-21,-0.910591653807181,"Tacoma","1"
"16363",2013-09-22,-0.965903518163177,"Tacoma","1"
"16364",2013-09-23,-0.942149956783301,"Tacoma","1"
"16365",2013-09-24,-0.920177912506917,"Tacoma","1"
"16366",2013-09-25,-0.852904433313198,"Tacoma","1"
"16367",2013-09-26,-0.704359840541192,"Tacoma","1"
"16368",2013-09-27,-0.583047009208257,"Tacoma","1"
"16369",2013-09-28,-0.610109102351758,"Tacoma","1"
"16370",2013-09-29,-0.627245600204382,"Tacoma","1"
"16371",2013-09-30,-0.557936101463818,"Tacoma","1"
"16372",2013-10-01,-0.484300061186204,"Tacoma","1"
"16373",2013-10-02,-0.390812830326837,"Tacoma","1"
"16374",2013-10-03,-0.237517525278856,"Tacoma","1"
"16375",2013-10-04,-0.117222703719344,"Tacoma","1"
"16376",2013-10-05,-0.226489086066771,"Tacoma","1"
"16377",2013-10-06,-0.373930834917569,"Tacoma","1"
"16378",2013-10-07,-0.425340328475442,"Tacoma","1"
"16379",2013-10-08,-0.44671853371733,"Tacoma","1"
"16380",2013-10-09,-0.417111416140271,"Tacoma","1"
"16381",2013-10-10,-0.302839819073513,"Tacoma","1"
"16382",2013-10-11,-0.187126041494406,"Tacoma","1"
"16383",2013-10-12,-0.228779608056973,"Tacoma","1"
"16384",2013-10-13,-0.297664936058612,"Tacoma","1"
"16385",2013-10-14,-0.303009487369084,"Tacoma","1"
"16386",2013-10-15,-0.263137437910007,"Tacoma","1"
"16387",2013-10-16,-0.176945943760174,"Tacoma","1"
"16388",2013-10-17,-0.0451136781018655,"Tacoma","1"
"16389",2013-10-18,0.0924873096058411,"Tacoma","1"
"16390",2013-10-19,0.0483735527575012,"Tacoma","1"
"16391",2013-10-20,-0.0209359459830639,"Tacoma","1"
"16392",2013-10-21,-0.0129615360912486,"Tacoma","1"
"16393",2013-10-22,-0.0200876045052112,"Tacoma","1"
"16394",2013-10-23,-0.0184757556972912,"Tacoma","1"
"16395",2013-10-24,0.0873972607387247,"Tacoma","1"
"16396",2013-10-25,0.167650364543589,"Tacoma","1"
"16397",2013-10-26,0.0919783047191294,"Tacoma","1"
"16398",2013-10-27,0.0210569571706444,"Tacoma","1"
"16399",2013-10-28,0.0136763863133259,"Tacoma","1"
"16400",2013-10-29,0.0320005622349441,"Tacoma","1"
"16401",2013-10-30,0.116749875872428,"Tacoma","1"
"16402",2013-10-31,0.173673589036344,"Tacoma","1"
"16403",2013-11-01,0.188858901489907,"Tacoma","1"
"16404",2013-11-02,0.0995285438720185,"Tacoma","1"
"16405",2013-11-03,-0.0248383167811862,"Tacoma","1"
"16406",2013-11-04,-0.0338307364464248,"Tacoma","1"
"16407",2013-11-05,-0.0116890238744696,"Tacoma","1"
"16408",2013-11-06,0.0642375383933462,"Tacoma","1"
"16409",2013-11-07,0.150089695952038,"Tacoma","1"
"16410",2013-11-08,0.163663159597681,"Tacoma","1"
"16411",2013-11-09,0.0347152549640725,"Tacoma","1"
"16412",2013-11-10,-0.110944976783235,"Tacoma","1"
"16413",2013-11-11,-0.162099967897752,"Tacoma","1"
"16414",2013-11-12,-0.208843583327435,"Tacoma","1"
"16415",2013-11-13,-0.23403932521966,"Tacoma","1"
"16416",2013-11-14,-0.18525969024313,"Tacoma","1"
"16417",2013-11-15,0.0332730744517229,"Tacoma","1"
"16418",2013-11-16,0.126675471163304,"Tacoma","1"
"16419",2013-11-17,0.193864116209237,"Tacoma","1"
"16420",2013-11-18,0.319079318340295,"Tacoma","1"
"16421",2013-11-19,0.406373656411337,"Tacoma","1"
"16422",2013-11-20,0.55890545412925,"Tacoma","1"
"16423",2013-11-21,0.83436193198802,"Tacoma","1"
"16424",2013-11-22,1.13077244434975,"Tacoma","1"
"16425",2013-11-23,1.29204215928955,"Tacoma","1"
"16426",2013-11-24,1.39316446344959,"Tacoma","1"
"16427",2013-11-25,1.40181754652368,"Tacoma","1"
"16428",2013-11-26,1.33182937460084,"Tacoma","1"
"16429",2013-11-27,1.14409140555204,"Tacoma","1"
"16430",2013-11-28,1.01607667654407,"Tacoma","1"
"16431",2013-11-29,0.904180435615296,"Tacoma","1"
"16432",2013-11-30,0.668171836476678,"Tacoma","1"
"16433",2013-12-01,0.409512519879392,"Tacoma","1"
"16434",2013-12-02,0.508089799605875,"Tacoma","1"
"16435",2013-12-03,0.759029208754701,"Tacoma","1"
"16436",2013-12-04,1.1563923569809,"Tacoma","1"
"16437",2013-12-05,1.70900199565414,"Tacoma","1"
"16438",2013-12-06,2.25804860012041,"Tacoma","1"
"16439",2013-12-07,2.56328186385181,"Tacoma","1"
"16440",2013-12-08,2.7798634431476,"Tacoma","1"
"16441",2013-12-09,2.92170613824457,"Tacoma","1"
"16442",2013-12-10,2.80930089242909,"Tacoma","1"
"16443",2013-12-11,2.71386247617066,"Tacoma","1"
"16444",2013-12-12,2.63327003577465,"Tacoma","1"
"16445",2013-12-13,2.307591742427,"Tacoma","1"
"16446",2013-12-14,1.84448212966722,"Tacoma","1"
"16447",2013-12-15,1.44448912285968,"Tacoma","1"
"16448",2013-12-16,1.17972174762185,"Tacoma","1"
"16449",2013-12-17,0.960170973153574,"Tacoma","1"
"16450",2013-12-18,0.972556758730223,"Tacoma","1"
"16451",2013-12-19,1.18710231847917,"Tacoma","1"
"16452",2013-12-20,1.48588818697889,"Tacoma","1"
"16453",2013-12-21,1.41310048817913,"Tacoma","1"
"16454",2013-12-22,1.22680469964267,"Tacoma","1"
"16455",2013-12-23,1.07698759465389,"Tacoma","1"
"16456",2013-12-24,0.817988941465463,"Tacoma","1"
"16457",2013-12-25,0.579350483745501,"Tacoma","1"
"16458",2013-12-26,0.714236778724078,"Tacoma","1"
"16459",2013-12-27,0.947785187576925,"Tacoma","1"
"16460",2013-12-28,0.959068129232365,"Tacoma","1"
"16461",2013-12-29,0.976883300267272,"Tacoma","1"
"16462",2013-12-30,1.09454826324544,"Tacoma","1"
"16463",2013-12-31,0.992153446868621,"Tacoma","1"
"31447",2013-01-01,1.2204428867904,"Eugene","1"
"31448",2013-01-02,2.10861900094255,"Eugene","1"
"31449",2013-01-03,2.35424856744014,"Eugene","1"
"31450",2013-01-04,0.911068623104866,"Eugene","1"
"31451",2013-01-05,1.49904970996655,"Eugene","1"
"31452",2013-01-06,1.3559216165472,"Eugene","1"
"31453",2013-01-07,1.05249685793254,"Eugene","1"
"31454",2013-01-08,0.657619707085562,"Eugene","1"
"31455",2013-01-09,0.646400640380483,"Eugene","1"
"31456",2013-01-10,0.771680218587208,"Eugene","1"
"31457",2013-01-11,0.963764239446908,"Eugene","1"
"31458",2013-01-12,1.23778144442552,"Eugene","1"
"31459",2013-01-13,1.61209030631319,"Eugene","1"
"31460",2013-01-14,1.88967721433433,"Eugene","1"
"31461",2013-01-15,2.03756491181038,"Eugene","1"
"31462",2013-01-16,2.16471433446795,"Eugene","1"
"31463",2013-01-17,2.22811905993757,"Eugene","1"
"31464",2013-01-18,2.23032887610675,"Eugene","1"
"31465",2013-01-19,2.15536511221372,"Eugene","1"
"31466",2013-01-20,2.12340777069016,"Eugene","1"
"31467",2013-01-21,2.21622004979582,"Eugene","1"
"31468",2013-01-22,2.24698749030521,"Eugene","1"
"31469",2013-01-23,2.22624921548672,"Eugene","1"
"31470",2013-01-24,2.15927478697458,"Eugene","1"
"31471",2013-01-25,1.86995885467086,"Eugene","1"
"31472",2013-01-26,1.48171115233143,"Eugene","1"
"31473",2013-01-27,1.17777643613926,"Eugene","1"
"31474",2013-01-28,1.01968958711314,"Eugene","1"
"31475",2013-01-29,0.92194771809161,"Eugene","1"
"31476",2013-01-30,0.974133376856148,"Eugene","1"
"31477",2013-01-31,0.98756225973041,"Eugene","1"
"31478",2013-02-01,1.01764975680312,"Eugene","1"
"31479",2013-02-02,0.851743558255277,"Eugene","1"
"31480",2013-02-03,0.725954022471048,"Eugene","1"
"31481",2013-02-04,0.65540989091638,"Eugene","1"
"31482",2013-02-05,0.616653115026104,"Eugene","1"
"31483",2013-02-06,0.425249037603075,"Eugene","1"
"31484",2013-02-07,0.47046527614173,"Eugene","1"
"31485",2013-02-08,0.586735603812558,"Eugene","1"
"31486",2013-02-09,0.614953256434425,"Eugene","1"
"31487",2013-02-10,0.615123242293593,"Eugene","1"
"31488",2013-02-11,0.729523725513574,"Eugene","1"
"31489",2013-02-12,0.66016949497308,"Eugene","1"
"31490",2013-02-13,0.528260468258808,"Eugene","1"
"31491",2013-02-14,0.460946068028329,"Eugene","1"
"31492",2013-02-15,0.498682928763597,"Eugene","1"
"31493",2013-02-16,0.480324455973467,"Eugene","1"
"31494",2013-02-17,0.474884908480095,"Eugene","1"
"31495",2013-02-18,0.636711446407913,"Eugene","1"
"31496",2013-02-19,0.762500982192141,"Eugene","1"
"31497",2013-02-20,0.81706644298503,"Eugene","1"
"31498",2013-02-21,0.913448425133216,"Eugene","1"
"31499",2013-02-22,1.02036953054981,"Eugene","1"
"31500",2013-02-23,0.942006049473419,"Eugene","1"
"31501",2013-02-24,0.873331762369597,"Eugene","1"
"31502",2013-02-25,0.850723643100269,"Eugene","1"
"31503",2013-02-26,0.84987371380443,"Eugene","1"
"31504",2013-02-27,0.830325340000124,"Eugene","1"
"31505",2013-02-28,0.735473230584449,"Eugene","1"
"31506",2013-03-01,0.5505286158098,"Eugene","1"
"31507",2013-03-02,0.32240759280651,"Eugene","1"
"31508",2013-03-03,0.110435226424168,"Eugene","1"
"31509",2013-03-04,0.122504222425087,"Eugene","1"
"31510",2013-03-05,0.230615228855857,"Eugene","1"
"31511",2013-03-06,0.374763237430216,"Eugene","1"
"31512",2013-03-07,0.536249803639698,"Eugene","1"
"31513",2013-03-08,0.633141743365387,"Eugene","1"
"31514",2013-03-09,0.478624597381788,"Eugene","1"
"31515",2013-03-10,0.264250256902509,"Eugene","1"
"31516",2013-03-11,0.133021173624908,"Eugene","1"
"31517",2013-03-12,-0.0174163117386622,"Eugene","1"
"31518",2013-03-13,-0.191481831526568,"Eugene","1"
"31519",2013-03-14,-0.284804068209732,"Eugene","1"
"31520",2013-03-15,-0.33798747006069,"Eugene","1"
"31521",2013-03-16,-0.382353779303506,"Eugene","1"
"31522",2013-03-17,-0.328468261947289,"Eugene","1"
"31523",2013-03-18,-0.169021526047821,"Eugene","1"
"31524",2013-03-19,0.0154131311493253,"Eugene","1"
"31525",2013-03-20,0.157351323554502,"Eugene","1"
"31526",2013-03-21,0.384112459684449,"Eugene","1"
"31527",2013-03-22,0.499362872200269,"Eugene","1"
"31528",2013-03-23,0.481854328705978,"Eugene","1"
"31529",2013-03-24,0.371363520246858,"Eugene","1"
"31530",2013-03-25,0.370003633373515,"Eugene","1"
"31531",2013-03-26,0.235374832912557,"Eugene","1"
"31532",2013-03-27,0.102615876902446,"Eugene","1"
"31533",2013-03-28,-0.0566608731378544,"Eugene","1"
"31534",2013-03-29,-0.196219263514681,"Eugene","1"
"31535",2013-03-30,-0.434879409786379,"Eugene","1"
"31536",2013-03-31,-0.665550220677187,"Eugene","1"
"31537",2013-04-01,-0.771621396797942,"Eugene","1"
"31538",2013-04-02,-0.775191099840467,"Eugene","1"
"31539",2013-04-03,-0.740513984570221,"Eugene","1"
"31540",2013-04-04,-0.671329739888895,"Eugene","1"
"31541",2013-04-05,-0.522252141398667,"Eugene","1"
"31542",2013-04-06,-0.521062240384492,"Eugene","1"
"31543",2013-04-07,-0.484855252381735,"Eugene","1"
"31544",2013-04-08,-0.352606253949127,"Eugene","1"
"31545",2013-04-09,-0.23310619495411,"Eugene","1"
"31546",2013-04-10,-0.271862970844386,"Eugene","1"
"31547",2013-04-11,-0.202848712022228,"Eugene","1"
"31548",2013-04-12,-0.164091936131952,"Eugene","1"
"31549",2013-04-13,-0.28512186785948,"Eugene","1"
"31550",2013-04-14,-0.294811061832049,"Eugene","1"
"31551",2013-04-15,-0.136894198665092,"Eugene","1"
"31552",2013-04-16,-0.0665200529695912,"Eugene","1"
"31553",2013-04-17,-0.0206238709942646,"Eugene","1"
"31554",2013-04-18,0.0135432866984786,"Eugene","1"
"31555",2013-04-19,-0.0512213256444823,"Eugene","1"
"31556",2013-04-20,-0.262853720308488,"Eugene","1"
"31557",2013-04-21,-0.436579268378058,"Eugene","1"
"31558",2013-04-22,-0.533981165681251,"Eugene","1"
"31559",2013-04-23,-0.528371632328711,"Eugene","1"
"31560",2013-04-24,-0.572397969853191,"Eugene","1"
"31561",2013-04-25,-0.538910755597119,"Eugene","1"
"31562",2013-04-26,-0.525141901004521,"Eugene","1"
"31563",2013-04-27,-0.65654097014129,"Eugene","1"
"31564",2013-04-28,-0.813777889871575,"Eugene","1"
"31565",2013-04-29,-0.806468497927357,"Eugene","1"
"31566",2013-04-30,-0.7189257804559,"Eugene","1"
"31567",2013-05-01,-0.633422893294458,"Eugene","1"
"31568",2013-05-02,-0.518512452496974,"Eugene","1"
"31569",2013-05-03,-0.443888660322276,"Eugene","1"
"31570",2013-05-04,-0.513072905003602,"Eugene","1"
"31571",2013-05-05,-0.679489061128953,"Eugene","1"
"31572",2013-05-06,-0.748503319951111,"Eugene","1"
"31573",2013-05-07,-0.797629233250627,"Eugene","1"
"31574",2013-05-08,-0.795079445363109,"Eugene","1"
"31575",2013-05-09,-0.70770671375082,"Eugene","1"
"31576",2013-05-10,-0.613874519490153,"Eugene","1"
"31577",2013-05-11,-0.672179669184734,"Eugene","1"
"31578",2013-05-12,-0.748843291669446,"Eugene","1"
"31579",2013-05-13,-0.755472740176994,"Eugene","1"
"31580",2013-05-14,-0.790659813024744,"Eugene","1"
"31581",2013-05-15,-0.80459865347651,"Eugene","1"
"31582",2013-05-16,-0.76941158062876,"Eugene","1"
"31583",2013-05-17,-0.698527477355755,"Eugene","1"
"31584",2013-05-18,-0.767881707896249,"Eugene","1"
"31585",2013-05-19,-0.83179639094337,"Eugene","1"
"31586",2013-05-20,-0.810888130265721,"Eugene","1"
"31587",2013-05-21,-0.746293503781928,"Eugene","1"
"31588",2013-05-22,-0.588036668896636,"Eugene","1"
"31589",2013-05-23,-0.409381530911197,"Eugene","1"
"31590",2013-05-24,-0.305010213382121,"Eugene","1"
"31591",2013-05-25,-0.405131884432001,"Eugene","1"
"31592",2013-05-26,-0.586506796164125,"Eugene","1"
"31593",2013-05-27,-0.783350421080525,"Eugene","1"
"31594",2013-05-28,-0.888741653764609,"Eugene","1"
"31595",2013-05-29,-0.921208952865673,"Eugene","1"
"31596",2013-05-30,-0.823297097984976,"Eugene","1"
"31597",2013-05-31,-0.69257797228488,"Eugene","1"
"31598",2013-06-01,-0.709406572342499,"Eugene","1"
"31599",2013-06-02,-0.797289261532291,"Eugene","1"
"31600",2013-06-03,-0.789469912010569,"Eugene","1"
"31601",2013-06-04,-0.788959954433066,"Eugene","1"
"31602",2013-06-05,-0.737794210823535,"Eugene","1"
"31603",2013-06-06,-0.588036668896636,"Eugene","1"
"31604",2013-06-07,-0.447118391646467,"Eugene","1"
"31605",2013-06-08,-0.513242890862771,"Eugene","1"
"31606",2013-06-09,-0.628323317519423,"Eugene","1"
"31607",2013-06-10,-0.70379703898996,"Eugene","1"
"31608",2013-06-11,-0.813097946434904,"Eugene","1"
"31609",2013-06-12,-0.887551752750434,"Eugene","1"
"31610",2013-06-13,-0.905910225540565,"Eugene","1"
"31611",2013-06-14,-0.831286433365867,"Eugene","1"
"31612",2013-06-15,-0.887721738609602,"Eugene","1"
"31613",2013-06-16,-0.974074555066883,"Eugene","1"
"31614",2013-06-17,-0.958435856023439,"Eugene","1"
"31615",2013-06-18,-0.903530423512214,"Eugene","1"
"31616",2013-06-19,-0.917639249823148,"Eugene","1"
"31617",2013-06-20,-0.864433675903603,"Eugene","1"
"31618",2013-06-21,-0.778590817023826,"Eugene","1"
"31619",2013-06-22,-0.864433675903603,"Eugene","1"
"31620",2013-06-23,-0.928348358950725,"Eugene","1"
"31621",2013-06-24,-0.916789320527309,"Eugene","1"
"31622",2013-06-25,-0.925628585204038,"Eugene","1"
"31623",2013-06-26,-0.912369688188944,"Eugene","1"
"31624",2013-06-27,-0.762782132121213,"Eugene","1"
"31625",2013-06-28,-0.562198818303119,"Eugene","1"
"31626",2013-06-29,-0.501853838298523,"Eugene","1"
"31627",2013-06-30,-0.413291205672059,"Eugene","1"
"31628",2013-07-01,-0.203358669599732,"Eugene","1"
"31629",2013-07-02,-0.0784190631113429,"Eugene","1"
"31630",2013-07-03,-0.0913379884081016,"Eugene","1"
"31631",2013-07-04,-0.202338754444725,"Eugene","1"
"31632",2013-07-05,-0.325408516482267,"Eugene","1"
"31633",2013-07-06,-0.608095000278446,"Eugene","1"
"31634",2013-07-07,-0.841825556634275,"Eugene","1"
"31635",2013-07-08,-0.900470678047193,"Eugene","1"
"31636",2013-07-09,-0.722835455216762,"Eugene","1"
"31637",2013-07-10,-0.557609200105586,"Eugene","1"
"31638",2013-07-11,-0.445588518913956,"Eugene","1"
"31639",2013-07-12,-0.408021644037855,"Eugene","1"
"31640",2013-07-13,-0.540950585907134,"Eugene","1"
"31641",2013-07-14,-0.69818750563742,"Eugene","1"
"31642",2013-07-15,-0.720625639047579,"Eugene","1"
"31643",2013-07-16,-0.692407986425712,"Eugene","1"
"31644",2013-07-17,-0.687988354087347,"Eugene","1"
"31645",2013-07-18,-0.588546626474139,"Eugene","1"
"31646",2013-07-19,-0.49165468674845,"Eugene","1"
"31647",2013-07-20,-0.61812416596935,"Eugene","1"
"31648",2013-07-21,-0.704986940004135,"Eugene","1"
"31649",2013-07-22,-0.602825438644241,"Eugene","1"
"31650",2013-07-23,-0.490974743311778,"Eugene","1"
"31651",2013-07-24,-0.387453355078542,"Eugene","1"
"31652",2013-07-25,-0.186870041260448,"Eugene","1"
"31653",2013-07-26,-0.0495214670528038,"Eugene","1"
"31654",2013-07-27,-0.18347032407709,"Eugene","1"
"31655",2013-07-28,-0.380483934852659,"Eugene","1"
"31656",2013-07-29,-0.498284135255997,"Eugene","1"
"31657",2013-07-30,-0.618974095265189,"Eugene","1"
"31658",2013-07-31,-0.723515398653433,"Eugene","1"
"31659",2013-08-01,-0.7189257804559,"Eugene","1"
"31660",2013-08-02,-0.666230164113859,"Eugene","1"
"31661",2013-08-03,-0.778760802882993,"Eugene","1"
"31662",2013-08-04,-0.827206772745838,"Eugene","1"
"31663",2013-08-05,-0.721305582484251,"Eugene","1"
"31664",2013-08-06,-0.555059412218068,"Eugene","1"
"31665",2013-08-07,-0.541120571766302,"Eugene","1"
"31666",2013-08-08,-0.478225803874188,"Eugene","1"
"31667",2013-08-09,-0.415501021841241,"Eugene","1"
"31668",2013-08-10,-0.599425721460883,"Eugene","1"
"31669",2013-08-11,-0.806808469645693,"Eugene","1"
"31670",2013-08-12,-0.796779303954788,"Eugene","1"
"31671",2013-08-13,-0.749183263387783,"Eugene","1"
"31672",2013-08-14,-0.745953532063593,"Eugene","1"
"31673",2013-08-15,-0.606735113405102,"Eugene","1"
"31674",2013-08-16,-0.460037316943225,"Eugene","1"
"31675",2013-08-17,-0.503213725171865,"Eugene","1"
"31676",2013-08-18,-0.586166824445789,"Eugene","1"
"31677",2013-08-19,-0.54367035965382,"Eugene","1"
"31678",2013-08-20,-0.563048747598958,"Eugene","1"
"31679",2013-08-21,-0.662830446930501,"Eugene","1"
"31680",2013-08-22,-0.585146909290782,"Eugene","1"
"31681",2013-08-23,-0.556419299091411,"Eugene","1"
"31682",2013-08-24,-0.735584394654352,"Eugene","1"
"31683",2013-08-25,-0.888401682046273,"Eugene","1"
"31684",2013-08-26,-0.85661432638188,"Eugene","1"
"31685",2013-08-27,-0.877692572918697,"Eugene","1"
"31686",2013-08-28,-0.804088695899006,"Eugene","1"
"31687",2013-08-29,-0.671839697466399,"Eugene","1"
"31688",2013-08-30,-0.503723682749369,"Eugene","1"
"31689",2013-08-31,-0.545710189963835,"Eugene","1"
"31690",2013-09-01,-0.642772115548692,"Eugene","1"
"31691",2013-09-02,-0.731674719893492,"Eugene","1"
"31692",2013-09-03,-0.748673305810279,"Eugene","1"
"31693",2013-09-04,-0.781140604911343,"Eugene","1"
"31694",2013-09-05,-0.754792796740322,"Eugene","1"
"31695",2013-09-06,-0.688498311664851,"Eugene","1"
"31696",2013-09-07,-0.748503319951111,"Eugene","1"
"31697",2013-09-08,-0.8406356556201,"Eugene","1"
"31698",2013-09-09,-0.791849714038919,"Eugene","1"
"31699",2013-09-10,-0.704137010708295,"Eugene","1"
"31700",2013-09-11,-0.61727423667351,"Eugene","1"
"31701",2013-09-12,-0.492844587762625,"Eugene","1"
"31702",2013-09-13,-0.468196638183283,"Eugene","1"
"31703",2013-09-14,-0.664190333803844,"Eugene","1"
"31704",2013-09-15,-0.866643492072785,"Eugene","1"
"31705",2013-09-16,-0.953846237825905,"Eugene","1"
"31706",2013-09-17,-0.981383947011101,"Eugene","1"
"31707",2013-09-18,-0.974754498503554,"Eugene","1"
"31708",2013-09-19,-0.85984405770607,"Eugene","1"
"31709",2013-09-20,-0.77740091600965,"Eugene","1"
"31710",2013-09-21,-0.863753732466931,"Eugene","1"
"31711",2013-09-22,-0.943477100416665,"Eugene","1"
"31712",2013-09-23,-0.906420183118068,"Eugene","1"
"31713",2013-09-24,-0.881602247679558,"Eugene","1"
"31714",2013-09-25,-0.806298512068189,"Eugene","1"
"31715",2013-09-26,-0.686628467214004,"Eugene","1"
"31716",2013-09-27,-0.563728691035629,"Eugene","1"
"31717",2013-09-28,-0.649571549915407,"Eugene","1"
"31718",2013-09-29,-0.703117095553288,"Eugene","1"
"31719",2013-09-30,-0.704816954144967,"Eugene","1"
"31720",2013-10-01,-0.689178255101522,"Eugene","1"
"31721",2013-10-02,-0.614384477067657,"Eugene","1"
"31722",2013-10-03,-0.411251375362044,"Eugene","1"
"31723",2013-10-04,-0.252994540476752,"Eugene","1"
"31724",2013-10-05,-0.238375756588314,"Eugene","1"
"31725",2013-10-06,-0.287671655746998,"Eugene","1"
"31726",2013-10-07,-0.362465433780864,"Eugene","1"
"31727",2013-10-08,-0.390343114684396,"Eugene","1"
"31728",2013-10-09,-0.364675249950046,"Eugene","1"
"31729",2013-10-10,-0.319628997270559,"Eugene","1"
"31730",2013-10-11,-0.281042207239451,"Eugene","1"
"31731",2013-10-12,-0.432669593617197,"Eugene","1"
"31732",2013-10-13,-0.678639131833114,"Eugene","1"
"31733",2013-10-14,-0.860354015283573,"Eugene","1"
"31734",2013-10-15,-0.995662759181203,"Eugene","1"
"31735",2013-10-16,-1.08337546251183,"Eugene","1"
"31736",2013-10-17,-1.03033987445145,"Eugene","1"
"31737",2013-10-18,-0.938547510500796,"Eugene","1"
"31738",2013-10-19,-1.03492949264898,"Eugene","1"
"31739",2013-10-20,-1.06518697558086,"Eugene","1"
"31740",2013-10-21,-0.982743833884444,"Eugene","1"
"31741",2013-10-22,-0.890951469933791,"Eugene","1"
"31742",2013-10-23,-0.756492655332001,"Eugene","1"
"31743",2013-10-24,-0.595516046700022,"Eugene","1"
"31744",2013-10-25,-0.393062888431081,"Eugene","1"
"31745",2013-10-26,-0.337647498342353,"Eugene","1"
"31746",2013-10-27,-0.297190863860399,"Eugene","1"
"31747",2013-10-28,-0.196729221092184,"Eugene","1"
"31748",2013-10-29,0.0222125655160407,"Eugene","1"
"31749",2013-10-30,0.116384731495044,"Eugene","1"
"31750",2013-10-31,0.145622299271919,"Eugene","1"
"31751",2013-11-01,0.149871945751116,"Eugene","1"
"31752",2013-11-02,-0.00515515780998746,"Eugene","1"
"31753",2013-11-03,-0.138934028975106,"Eugene","1"
"31754",2013-11-04,-0.183300338217922,"Eugene","1"
"31755",2013-11-05,-0.129754792580041,"Eugene","1"
"31756",2013-11-06,-0.161372162385266,"Eugene","1"
"31757",2013-11-07,-0.1474333219335,"Eugene","1"
"31758",2013-11-08,-0.160182261371091,"Eugene","1"
"31759",2013-11-09,-0.250954710166736,"Eugene","1"
"31760",2013-11-10,-0.332207950848981,"Eugene","1"
"31761",2013-11-11,-0.171401328076171,"Eugene","1"
"31762",2013-11-12,-0.0513913115036498,"Eugene","1"
"31763",2013-11-13,-0.0139944224867172,"Eugene","1"
"31764",2013-11-14,0.0393811372919959,"Eugene","1"
"31765",2013-11-15,0.157181337695334,"Eugene","1"
"31766",2013-11-16,0.0538299353212654,"Eugene","1"
"31767",2013-11-17,-0.00260536992246942,"Eugene","1"
"31768",2013-11-18,0.0594394686738056,"Eugene","1"
"31769",2013-11-19,0.0828975172389725,"Eugene","1"
"31770",2013-11-20,0.253733305702688,"Eugene","1"
"31771",2013-11-21,0.648780442408833,"Eugene","1"
"31772",2013-11-22,1.08088449641357,"Eugene","1"
"31773",2013-11-23,1.30815559012102,"Eugene","1"
"31774",2013-11-24,1.52675740501091,"Eugene","1"
"31775",2013-11-25,1.59713155070641,"Eugene","1"
"31776",2013-11-26,1.53389681109596,"Eugene","1"
"31777",2013-11-27,1.37784979237985,"Eugene","1"
"31778",2013-11-28,1.22282268881875,"Eugene","1"
"31779",2013-11-29,1.12610073495223,"Eugene","1"
"31780",2013-11-30,0.863302596678692,"Eugene","1"
"31781",2013-12-01,0.500382787355276,"Eugene","1"
"31782",2013-12-02,0.349095372695867,"Eugene","1"
"31783",2013-12-03,0.524350793497947,"Eugene","1"
"31784",2013-12-04,0.877241437130458,"Eugene","1"
"31785",2013-12-05,1.42000628545349,"Eugene","1"
"31786",2013-12-06,2.07870148972901,"Eugene","1"
"31787",2013-12-07,2.58134967528842,"Eugene","1"
"31788",2013-12-08,3.05391036377511,"Eugene","1"
"31789",2013-12-09,3.35767509410811,"Eugene","1"
"31790",2013-12-10,3.48873419152654,"Eugene","1"
"31791",2013-12-11,3.54074986443191,"Eugene","1"
"31792",2013-12-12,3.5111723249367,"Eugene","1"
"31793",2013-12-13,2.97979652917792,"Eugene","1"
"31794",2013-12-14,2.42105301009311,"Eugene","1"
"31795",2013-12-15,1.87777820419258,"Eugene","1"
"31796",2013-12-16,1.50975881909413,"Eugene","1"
"31797",2013-12-17,1.18015623816761,"Eugene","1"
"31798",2013-12-18,1.23438172724217,"Eugene","1"
"31799",2013-12-19,1.41456673796012,"Eugene","1"
"31800",2013-12-20,1.61633995279238,"Eugene","1"
"31801",2013-12-21,1.42969547942606,"Eugene","1"
"31802",2013-12-22,1.21976294335373,"Eugene","1"
"31803",2013-12-23,1.01017037899974,"Eugene","1"
"31804",2013-12-24,0.783749214588126,"Eugene","1"
"31805",2013-12-25,0.545938997612267,"Eugene","1"
"31806",2013-12-26,0.761481067037134,"Eugene","1"
"31807",2013-12-27,1.03039869624071,"Eugene","1"
"31808",2013-12-28,1.14241937743235,"Eugene","1"
"31809",2013-12-29,1.12746062182557,"Eugene","1"
"31810",2013-12-30,1.22333264639625,"Eugene","1"
"31811",2013-12-31,1.06983541556766,"Eugene","1"
"71516",2013-01-01,-0.0979625155447182,"Queensland","1"
"71517",2013-01-02,0.873095431136374,"Queensland","1"
"71518",2013-01-03,2.43044353956578,"Queensland","1"
"71519",2013-01-04,1.84716038386623,"Queensland","1"
"71520",2013-01-05,1.36397905861053,"Queensland","1"
"71521",2013-01-06,1.86522384327629,"Queensland","1"
"71522",2013-01-07,1.77198106082796,"Queensland","1"
"71523",2013-01-08,1.20076017126442,"Queensland","1"
"71524",2013-01-09,0.981853849370417,"Queensland","1"
"71525",2013-01-10,0.921382311291417,"Queensland","1"
"71526",2013-01-11,0.806115486620209,"Queensland","1"
"71527",2013-01-12,1.15963726782891,"Queensland","1"
"71528",2013-01-13,1.65683577639456,"Queensland","1"
"71529",2013-01-14,1.61832506719404,"Queensland","1"
"71530",2013-01-15,1.38697402892789,"Queensland","1"
"71531",2013-01-16,1.36057677532791,"Queensland","1"
"71532",2013-01-17,1.29888676657242,"Queensland","1"
"71533",2013-01-18,1.2989691557348,"Queensland","1"
"71534",2013-01-19,1.46459192877771,"Queensland","1"
"71535",2013-01-20,1.60221477189266,"Queensland","1"
"71536",2013-01-21,1.30465002187952,"Queensland","1"
"71537",2013-01-22,0.943410202962357,"Queensland","1"
"71538",2013-01-23,0.950674741275847,"Queensland","1"
"71539",2013-01-24,1.18681536593616,"Queensland","1"
"71540",2013-01-25,1.42575682127388,"Queensland","1"
"71541",2013-01-26,1.44687124272119,"Queensland","1"
"71542",2013-01-27,1.64211377175357,"Queensland","1"
"71543",2013-01-28,1.17696346352315,"Queensland","1"
"71544",2013-01-29,0.624055857889452,"Queensland","1"
"71545",2013-01-30,0.430400388834405,"Queensland","1"
"71546",2013-01-31,0.712559069895628,"Queensland","1"
"71547",2013-02-01,0.892993748652569,"Queensland","1"
"71548",2013-02-02,1.41467360800572,"Queensland","1"
"71549",2013-02-03,1.91875769391988,"Queensland","1"
"71550",2013-02-04,1.99771008738701,"Queensland","1"
"71551",2013-02-05,1.88153433961054,"Queensland","1"
"71552",2013-02-06,1.94790189675527,"Queensland","1"
"71553",2013-02-07,1.86054433634216,"Queensland","1"
"71554",2013-02-08,1.70457183429177,"Queensland","1"
"71555",2013-02-09,1.73053755744828,"Queensland","1"
"71556",2013-02-10,1.94153117598343,"Queensland","1"
"71557",2013-02-11,1.67267341032605,"Queensland","1"
"71558",2013-02-12,1.35671303912702,"Queensland","1"
"71559",2013-02-13,1.54234049753601,"Queensland","1"
"71560",2013-02-14,1.75459858394291,"Queensland","1"
"71561",2013-02-15,1.75511526347448,"Queensland","1"
"71562",2013-02-16,1.98056750660509,"Queensland","1"
"71563",2013-02-17,2.31038021371706,"Queensland","1"
"71564",2013-02-18,2.04563795067026,"Queensland","1"
"71565",2013-02-19,1.66370878750321,"Queensland","1"
"71566",2013-02-20,1.69495695177778,"Queensland","1"
"71567",2013-02-21,1.68772975956812,"Queensland","1"
"71568",2013-02-22,1.60008111164597,"Queensland","1"
"71569",2013-02-23,1.63220451395409,"Queensland","1"
"71570",2013-02-24,1.67143358488906,"Queensland","1"
"71571",2013-02-25,1.22500126924595,"Queensland","1"
"71572",2013-02-26,0.802289778458069,"Queensland","1"
"71573",2013-02-27,0.777864335912242,"Queensland","1"
"71574",2013-02-28,0.704521079437458,"Queensland","1"
"71575",2013-03-01,0.619552300996748,"Queensland","1"
"71576",2013-03-02,0.735503580911319,"Queensland","1"
"71577",2013-03-03,0.830718855633475,"Queensland","1"
"71578",2013-03-04,0.398405797535048,"Queensland","1"
"71579",2013-03-05,0.0278291381590079,"Queensland","1"
"71580",2013-03-06,0.0569914271878691,"Queensland","1"
"71581",2013-03-07,0.185253723664747,"Queensland","1"
"71582",2013-03-08,0.361317131504011,"Queensland","1"
"71583",2013-03-09,0.762988041808616,"Queensland","1"
"71584",2013-03-10,1.14044443794548,"Queensland","1"
"71585",2013-03-11,0.900696662916295,"Queensland","1"
"71586",2013-03-12,0.490384078597286,"Queensland","1"
"71587",2013-03-13,0.446062190842062,"Queensland","1"
"71588",2013-03-14,0.360863972054727,"Queensland","1"
"71589",2013-03-15,0.293004754604166,"Queensland","1"
"71590",2013-03-16,0.560078086205719,"Queensland","1"
"71591",2013-03-17,0.9406636790933,"Queensland","1"
"71592",2013-03-18,0.711207409991971,"Queensland","1"
"71593",2013-03-19,0.430547030796385,"Queensland","1"
"71594",2013-03-20,0.400982348357793,"Queensland","1"
"71595",2013-03-21,0.304648856486897,"Queensland","1"
"71596",2013-03-22,0.109455270334814,"Queensland","1"
"71597",2013-03-23,0.210756495464917,"Queensland","1"
"71598",2013-03-24,0.341533303545738,"Queensland","1"
"71599",2013-03-25,0.0180216146485798,"Queensland","1"
"71600",2013-03-26,-0.349773525662395,"Queensland","1"
"71601",2013-03-27,-0.325438833389674,"Queensland","1"
"71602",2013-03-28,-0.27891545626148,"Queensland","1"
"71603",2013-03-29,-0.213132815872907,"Queensland","1"
"71604",2013-03-30,0.117232792815997,"Queensland","1"
"71605",2013-03-31,0.467901870823879,"Queensland","1"
"71606",2013-04-01,0.279088405192134,"Queensland","1"
"71607",2013-04-02,-0.0225615858596122,"Queensland","1"
"71608",2013-04-03,0.0586976942430432,"Queensland","1"
"71609",2013-04-04,0.299461985135351,"Queensland","1"
"71610",2013-04-05,0.531314461370753,"Queensland","1"
"71611",2013-04-06,0.81072513718855,"Queensland","1"
"71612",2013-04-07,0.98343789571445,"Queensland","1"
"71613",2013-04-08,0.56631468129047,"Queensland","1"
"71614",2013-04-09,-0.0825447813571682,"Queensland","1"
"71615",2013-04-10,-0.400595558571816,"Queensland","1"
"71616",2013-04-11,-0.550852402002325,"Queensland","1"
"71617",2013-04-12,-0.511158608764636,"Queensland","1"
"71618",2013-04-13,-0.207418315132339,"Queensland","1"
"71619",2013-04-14,-0.163561575557083,"Queensland","1"
"71620",2013-04-15,-0.396510930835722,"Queensland","1"
"71621",2013-04-16,-0.755879498657844,"Queensland","1"
"71622",2013-04-17,-1.09128313947288,"Queensland","1"
"71623",2013-04-18,-1.12879427788159,"Queensland","1"
"71624",2013-04-19,-0.782850005208827,"Queensland","1"
"71625",2013-04-20,-0.452800398563333,"Queensland","1"
"71626",2013-04-21,-0.0181398733881143,"Queensland","1"
"71627",2013-04-22,0.0665690671041879,"Queensland","1"
"71628",2013-04-23,-0.254287258236704,"Queensland","1"
"71629",2013-04-24,-0.395002462479055,"Queensland","1"
"71630",2013-04-25,-0.812655877730753,"Queensland","1"
"71631",2013-04-26,-0.977910691399223,"Queensland","1"
"71632",2013-04-27,-0.758285565340705,"Queensland","1"
"71633",2013-04-28,-0.468499018619717,"Queensland","1"
"71634",2013-04-29,-0.603993275844021,"Queensland","1"
"71635",2013-04-30,-0.54662831867631,"Queensland","1"
"71636",2013-05-01,-0.770717816220356,"Queensland","1"
"71637",2013-05-02,-0.838815908915217,"Queensland","1"
"71638",2013-05-03,-0.895876920820646,"Queensland","1"
"71639",2013-05-04,-0.730738555152814,"Queensland","1"
"71640",2013-05-05,-0.466437938053766,"Queensland","1"
"71641",2013-05-06,-0.373951867749732,"Queensland","1"
"71642",2013-05-07,-0.553101437995368,"Queensland","1"
"71643",2013-05-08,-0.458065332529757,"Queensland","1"
"71644",2013-05-09,-0.444133264793591,"Queensland","1"
"71645",2013-05-10,-0.443584467802789,"Queensland","1"
"71646",2013-05-11,-0.22511539872017,"Queensland","1"
"71647",2013-05-12,0.0100737799928248,"Queensland","1"
"71648",2013-05-13,-0.252071667503966,"Queensland","1"
"71649",2013-05-14,-0.546932212543137,"Queensland","1"
"71650",2013-05-15,-0.560889518717432,"Queensland","1"
"71651",2013-05-16,-0.597589825056773,"Queensland","1"
"71652",2013-05-17,-0.64271448958893,"Queensland","1"
"71653",2013-05-18,-0.436151251342793,"Queensland","1"
"71654",2013-05-19,-0.1481372174865,"Queensland","1"
"71655",2013-05-20,-0.358216804228591,"Queensland","1"
"71656",2013-05-21,-0.637218053735718,"Queensland","1"
"71657",2013-05-22,-0.664256269251838,"Queensland","1"
"71658",2013-05-23,-0.70520831396349,"Queensland","1"
"71659",2013-05-24,-0.688872529123963,"Queensland","1"
"71660",2013-05-25,-0.455990355572791,"Queensland","1"
"71661",2013-05-26,-0.167114894653285,"Queensland","1"
"71662",2013-05-27,-0.326604749914364,"Queensland","1"
"71663",2013-05-28,-0.572874434693564,"Queensland","1"
"71664",2013-05-29,-0.590338143883457,"Queensland","1"
"71665",2013-05-30,-0.557449633886388,"Queensland","1"
"71666",2013-05-31,-0.467811617589139,"Queensland","1"
"71667",2013-06-01,-0.145465147546358,"Queensland","1"
"71668",2013-06-02,0.228040235856643,"Queensland","1"
"71669",2013-06-03,0.0946244804183567,"Queensland","1"
"71670",2013-06-04,-0.157178713298682,"Queensland","1"
"71671",2013-06-05,-0.193444797319285,"Queensland","1"
"71672",2013-06-06,-0.247053322289394,"Queensland","1"
"71673",2013-06-07,-0.255298154624993,"Queensland","1"
"71674",2013-06-08,-0.053356317838958,"Queensland","1"
"71675",2013-06-09,0.18195016093571,"Queensland","1"
"71676",2013-06-10,-0.0410923200459871,"Queensland","1"
"71677",2013-06-11,-0.333671114709919,"Queensland","1"
"71678",2013-06-12,-0.550127824994033,"Queensland","1"
"71679",2013-06-13,-0.54223039732489,"Queensland","1"
"71680",2013-06-14,-0.517776582853021,"Queensland","1"
"71681",2013-06-15,-0.291395747382364,"Queensland","1"
"71682",2013-06-16,0.0179445050153466,"Queensland","1"
"71683",2013-06-17,0.0597899079792404,"Queensland","1"
"71684",2013-06-18,-0.163849189428174,"Queensland","1"
"71685",2013-06-19,-0.133765375802849,"Queensland","1"
"71686",2013-06-20,-0.0316416869842545,"Queensland","1"
"71687",2013-06-21,-0.00665143883623979,"Queensland","1"
"71688",2013-06-22,0.199131569604529,"Queensland","1"
"71689",2013-06-23,0.40615358657043,"Queensland","1"
"71690",2013-06-24,0.13190886882305,"Queensland","1"
"71691",2013-06-25,-0.2802981096681,"Queensland","1"
"71692",2013-06-26,-0.352306820619231,"Queensland","1"
"71693",2013-06-27,-0.417117919948443,"Queensland","1"
"71694",2013-06-28,-0.455081586653902,"Queensland","1"
"71695",2013-06-29,-0.239935920274289,"Queensland","1"
"71696",2013-06-30,-0.0331851854817528,"Queensland","1"
"71697",2013-07-01,-0.278646404834785,"Queensland","1"
"71698",2013-07-02,-0.544054476179473,"Queensland","1"
"71699",2013-07-03,-0.551555658173168,"Queensland","1"
"71700",2013-07-04,-0.551462778513813,"Queensland","1"
"71701",2013-07-05,-0.517534114831403,"Queensland","1"
"71702",2013-07-06,-0.317419728768773,"Queensland","1"
"71703",2013-07-07,-0.0895755022295894,"Queensland","1"
"71704",2013-07-08,-0.299352233844804,"Queensland","1"
"71705",2013-07-09,-0.57697801641955,"Queensland","1"
"71706",2013-07-10,-0.546651326061235,"Queensland","1"
"71707",2013-07-11,-0.563627868154687,"Queensland","1"
"71708",2013-07-12,-0.621472379965174,"Queensland","1"
"71709",2013-07-13,-0.454471789286427,"Queensland","1"
"71710",2013-07-14,-0.213933396234925,"Queensland","1"
"71711",2013-07-15,-0.389374183285231,"Queensland","1"
"71712",2013-07-16,-0.574286243321571,"Queensland","1"
"71713",2013-07-17,-0.464158759699193,"Queensland","1"
"71714",2013-07-18,-0.366318876951535,"Queensland","1"
"71715",2013-07-19,-0.332636155337408,"Queensland","1"
"71716",2013-07-20,-0.120474081975598,"Queensland","1"
"71717",2013-07-21,0.124369472316044,"Queensland","1"
"71718",2013-07-22,-0.0566736236922447,"Queensland","1"
"71719",2013-07-23,-0.320152168648296,"Queensland","1"
"71720",2013-07-24,-0.304548079343033,"Queensland","1"
"71721",2013-07-25,-0.331767234959895,"Queensland","1"
"71722",2013-07-26,-0.35165993269472,"Queensland","1"
"71723",2013-07-27,-0.233979462912207,"Queensland","1"
"71724",2013-07-28,-0.0427314570046033,"Queensland","1"
"71725",2013-07-29,-0.361734157132742,"Queensland","1"
"71726",2013-07-30,-0.743379538404345,"Queensland","1"
"71727",2013-07-31,-0.750063093297752,"Queensland","1"
"71728",2013-08-01,-0.763500501440601,"Queensland","1"
"71729",2013-08-02,-0.745710419360582,"Queensland","1"
"71730",2013-08-03,-0.469519826769674,"Queensland","1"
"71731",2013-08-04,-0.121427605607178,"Queensland","1"
"71732",2013-08-05,-0.286112642006149,"Queensland","1"
"71733",2013-08-06,-0.512218108189718,"Queensland","1"
"71734",2013-08-07,-0.542290273540932,"Queensland","1"
"71735",2013-08-08,-0.543216004799195,"Queensland","1"
"71736",2013-08-09,-0.56173686281289,"Queensland","1"
"71737",2013-08-10,-0.395964756341439,"Queensland","1"
"71738",2013-08-11,-0.177841934148138,"Queensland","1"
"71739",2013-08-12,-0.414002926224446,"Queensland","1"
"71740",2013-08-13,-0.741464214735897,"Queensland","1"
"71741",2013-08-14,-0.7877613019669,"Queensland","1"
"71742",2013-08-15,-0.823129447102557,"Queensland","1"
"71743",2013-08-16,-0.929594365939897,"Queensland","1"
"71744",2013-08-17,-0.750163534117495,"Queensland","1"
"71745",2013-08-18,-0.499666071057118,"Queensland","1"
"71746",2013-08-19,-0.691306133348602,"Queensland","1"
"71747",2013-08-20,-0.968649189831558,"Queensland","1"
"71748",2013-08-21,-0.888708106388952,"Queensland","1"
"71749",2013-08-22,-0.862746453486819,"Queensland","1"
"71750",2013-08-23,-0.844494834089628,"Queensland","1"
"71751",2013-08-24,-0.614970292921069,"Queensland","1"
"71752",2013-08-25,-0.343940396650371,"Queensland","1"
"71753",2013-08-26,-0.55753469683857,"Queensland","1"
"71754",2013-08-27,-0.869879386534071,"Queensland","1"
"71755",2013-08-28,-0.883219317014626,"Queensland","1"
"71756",2013-08-29,-0.924419058188126,"Queensland","1"
"71757",2013-08-30,-0.905201960351716,"Queensland","1"
"71758",2013-08-31,-0.659984435154418,"Queensland","1"
"71759",2013-09-01,-0.383728040032569,"Queensland","1"
"71760",2013-09-02,-0.567643559565394,"Queensland","1"
"71761",2013-09-03,-0.788574841953467,"Queensland","1"
"71762",2013-09-04,-0.746442114894845,"Queensland","1"
"71763",2013-09-05,-0.714195502865142,"Queensland","1"
"71764",2013-09-06,-0.643396475398182,"Queensland","1"
"71765",2013-09-07,-0.414310481532102,"Queensland","1"
"71766",2013-09-08,-0.171319105001889,"Queensland","1"
"71767",2013-09-09,-0.438476767553557,"Queensland","1"
"71768",2013-09-10,-0.675468158960539,"Queensland","1"
"71769",2013-09-11,-0.633138228664781,"Queensland","1"
"71770",2013-09-12,-0.626552355789355,"Queensland","1"
"71771",2013-09-13,-0.647378243764988,"Queensland","1"
"71772",2013-09-14,-0.442899535491077,"Queensland","1"
"71773",2013-09-15,-0.271537585758499,"Queensland","1"
"71774",2013-09-16,-0.531824094896874,"Queensland","1"
"71775",2013-09-17,-0.828202270477723,"Queensland","1"
"71776",2013-09-18,-0.823992338987329,"Queensland","1"
"71777",2013-09-19,-0.833153808753157,"Queensland","1"
"71778",2013-09-20,-0.831049864786391,"Queensland","1"
"71779",2013-09-21,-0.595077493008401,"Queensland","1"
"71780",2013-09-22,-0.304326864312774,"Queensland","1"
"71781",2013-09-23,-0.451187486876453,"Queensland","1"
"71782",2013-09-24,-0.676734857681144,"Queensland","1"
"71783",2013-09-25,-0.619004989410588,"Queensland","1"
"71784",2013-09-26,-0.644468423149886,"Queensland","1"
"71785",2013-09-27,-0.674505132789552,"Queensland","1"
"71786",2013-09-28,-0.518390160800689,"Queensland","1"
"71787",2013-09-29,-0.327288677920056,"Queensland","1"
"71788",2013-09-30,-0.588266011455464,"Queensland","1"
"71789",2013-10-01,-0.925990553414626,"Queensland","1"
"71790",2013-10-02,-0.932874683413989,"Queensland","1"
"71791",2013-10-03,-0.902778199736123,"Queensland","1"
"71792",2013-10-04,-0.873562386887724,"Queensland","1"
"71793",2013-10-05,-0.65392477817083,"Queensland","1"
"71794",2013-10-06,-0.316453228551122,"Queensland","1"
"71795",2013-10-07,-0.487082665326693,"Queensland","1"
"71796",2013-10-08,-0.747446420914433,"Queensland","1"
"71797",2013-10-09,-0.707241483221115,"Queensland","1"
"71798",2013-10-10,-0.722030397694322,"Queensland","1"
"71799",2013-10-11,-0.798065017840469,"Queensland","1"
"71800",2013-10-12,-0.599323186743871,"Queensland","1"
"71801",2013-10-13,-0.329589825123958,"Queensland","1"
"71802",2013-10-14,-0.511891854336779,"Queensland","1"
"71803",2013-10-15,-0.701922819955511,"Queensland","1"
"71804",2013-10-16,-0.560370131983914,"Queensland","1"
"71805",2013-10-17,-0.512126045953108,"Queensland","1"
"71806",2013-10-18,-0.457906088770035,"Queensland","1"
"71807",2013-10-19,-0.170888016681954,"Queensland","1"
"71808",2013-10-20,0.113181305032814,"Queensland","1"
"71809",2013-10-21,-0.108861161398704,"Queensland","1"
"71810",2013-10-22,-0.42045882888348,"Queensland","1"
"71811",2013-10-23,-0.527117170377762,"Queensland","1"
"71812",2013-10-24,-0.668491251479663,"Queensland","1"
"71813",2013-10-25,-0.731620810045383,"Queensland","1"
"71814",2013-10-26,-0.570049745591978,"Queensland","1"
"71815",2013-10-27,-0.223187643482267,"Queensland","1"
"71816",2013-10-28,-0.252902697271932,"Queensland","1"
"71817",2013-10-29,-0.428462623687264,"Queensland","1"
"71818",2013-10-30,-0.39041670381813,"Queensland","1"
"71819",2013-10-31,-0.337041144330233,"Queensland","1"
"71820",2013-11-01,-0.372457313052135,"Queensland","1"
"71821",2013-11-02,-0.181202665584731,"Queensland","1"
"71822",2013-11-03,0.108759150162353,"Queensland","1"
"71823",2013-11-04,-0.094054672336487,"Queensland","1"
"71824",2013-11-05,-0.384769538787037,"Queensland","1"
"71825",2013-11-06,-0.31002562915462,"Queensland","1"
"71826",2013-11-07,-0.327485268090133,"Queensland","1"
"71827",2013-11-08,-0.297592016142144,"Queensland","1"
"71828",2013-11-09,-0.0584102383131541,"Queensland","1"
"71829",2013-11-10,0.191344085294535,"Queensland","1"
"71830",2013-11-11,-0.0576505460498886,"Queensland","1"
"71831",2013-11-12,-0.309552137029808,"Queensland","1"
"71832",2013-11-13,-0.223483754871499,"Queensland","1"
"71833",2013-11-14,-0.0851156437350335,"Queensland","1"
"71834",2013-11-15,0.0984979402715035,"Queensland","1"
"71835",2013-11-16,0.286095336201708,"Queensland","1"
"71836",2013-11-17,0.415249151627475,"Queensland","1"
"71837",2013-11-18,0.00573425276783384,"Queensland","1"
"71838",2013-11-19,-0.475481903913125,"Queensland","1"
"71839",2013-11-20,-0.646360552447956,"Queensland","1"
"71840",2013-11-21,-0.646045129446382,"Queensland","1"
"71841",2013-11-22,-0.504027941000164,"Queensland","1"
"71842",2013-11-23,-0.0781011348079053,"Queensland","1"
"71843",2013-11-24,0.422458513701348,"Queensland","1"
"71844",2013-11-25,0.396438108539446,"Queensland","1"
"71845",2013-11-26,0.355695613213708,"Queensland","1"
"71846",2013-11-27,0.608898234669508,"Queensland","1"
"71847",2013-11-28,0.79376288418666,"Queensland","1"
"71848",2013-11-29,1.04948561996407,"Queensland","1"
"71849",2013-11-30,1.27382300075106,"Queensland","1"
"71850",2013-12-01,1.53609564280314,"Queensland","1"
"71851",2013-12-02,1.2161220488101,"Queensland","1"
"71852",2013-12-03,0.804922850385201,"Queensland","1"
"71853",2013-12-04,0.476372856955781,"Queensland","1"
"71854",2013-12-05,0.424866130217734,"Queensland","1"
"71855",2013-12-06,0.266819179572,"Queensland","1"
"71856",2013-12-07,0.315185368125282,"Queensland","1"
"71857",2013-12-08,0.470461664378182,"Queensland","1"
"71858",2013-12-09,0.250884851477917,"Queensland","1"
"71859",2013-12-10,-0.0753136210709651,"Queensland","1"
"71860",2013-12-11,-0.0279591975198167,"Queensland","1"
"71861",2013-12-12,0.142657262669683,"Queensland","1"
"71862",2013-12-13,0.287704943763675,"Queensland","1"
"71863",2013-12-14,0.687572312857978,"Queensland","1"
"71864",2013-12-15,1.18169302023015,"Queensland","1"
"71865",2013-12-16,1.06329781643532,"Queensland","1"
"71866",2013-12-17,0.645699526232141,"Queensland","1"
"71867",2013-12-18,0.473149861251654,"Queensland","1"
"71868",2013-12-19,0.317688623102787,"Queensland","1"
"71869",2013-12-20,0.127591752775271,"Queensland","1"
"71870",2013-12-21,0.268041124397339,"Queensland","1"
"71871",2013-12-22,0.484508256821446,"Queensland","1"
"71872",2013-12-23,0.253264164731771,"Queensland","1"
"71873",2013-12-24,-0.105448319262142,"Queensland","1"
"71874",2013-12-25,-0.638025088365549,"Queensland","1"
"71875",2013-12-26,-1.19981358320363,"Queensland","1"
"71876",2013-12-27,-1.44555650687002,"Queensland","1"
"71877",2013-12-28,-1.49867212592514,"Queensland","1"
"71878",2013-12-29,-1.45203131243003,"Queensland","1"
"71879",2013-12-30,-1.24280317365429,"Queensland","1"
"71880",2013-12-31,-1.10217550169605,"Queensland","1"
